ean - SupabaseID + Shopify ID,∞ Shopify Id,prix_achat,produit_en_ligne_nom_du_produit,produit_en_ligne_ddm,produit_en_ligne_stock_actuel,produit_en_ligne_prix_public,produit_en_ligne_rayon,produit_en_ligne_prix_vente,produit_en_ligne_sous_rayon,produit_en_ligne_categorie,quantite_vendue,Date première vente visible
3335440226305 - Le manoir des abeilles  - Petits financiers au caramel beurre salé - 200g - 114642 - 10135984308551,10135984308551,€1.41,Petits financiers au caramel beurre salé - 200g,15/7/2025,96,€4.40,Épicerie sucrée,€3.52,Biscuits et gâteaux,Biscuits nature et fruit,0,
3760087788334 - Palais des Mets - Terrine de canard au piment d'Espelette - 90g - 114641 - 10135984341319,10135984341319,€1.00,Terrine de canard au piment d'Espelette - 90g,2/8/2026,90,€3.70,Épicerie salée,€2.96,Apéritifs,Tartinades,0,
3264221612863 - Embal'Four - Papier de cuisson - 15m x 30cm - 3732 - 7660526797055,7660526797055,€1.12,Papier de cuisson - 15m x 30cm,,220,€3.03,Maison,€2.73,Accessoires ménagers,Cuisson/ emballage/ conservation,143,2023-09-15 08:45
3760259130503 - Airchips - Chips pomme de terre bio - 30g - 906 - 8917059043655,8917059043655,€0.65,Chips pomme de terre bio - 30g,28/2/2025,54,€2.20,Épicerie salée,€1.10,Apéritifs,Chips et gâteaux,119,2024-12-12 11:37
3229820803272 - Tanoshi - Nouilles de riz précuites pour soupe Pho saveur poulet - 380g - 3620 - 8839069434183,8839069434183,€0.00,Nouilles de riz précuites pour soupe Pho saveur poulet - 380g,23/4/2025,166,€4.19,Épicerie salée,€2.93,Conserves/bocaux et plats cuisinés,Plats préparés,268,2024-01-10 13:59
"5060229013798 - Pukka - Infusion camomille, vanille, miel de manuka bio - 20 sachets - 2698 - 7549553737983",7549553737983,€1.13,"Infusion camomille, vanille, miel de manuka bio - 20 sachets",30/3/2027,144,€5.98,Boissons,€4.78,Boissons chaudes,Infusions et tisanes,82,2025-01-19 19:50
3770000506952 - Id Bio - Sumac bio - 40g - 5145 - 7754873667839,7754873667839,€1.78,Sumac bio - 40g,30/6/2027,1,€5.14,Épicerie salée,€4.37,Épices et condiments,Épices et aromates,32,2023-11-04 20:41
3760279060132 - La Nouvelle Botanique - Soin crème hydratant 2 en 1 à la citronnelle - 4948 - 8447117295943,8447117295943,€3.97,Soin crème hydratant 2 en 1 à la citronnelle,,4,€15.90,Hygiène et santé,€9.54,Corps,Crèmes/ soins/ exfoliants,3,2025-02-16 18:21
3396413710092 - Bonneterre - Tartelettes chocolat noir bio - 125g - 5228 - 7873797914879,7873797914879,€1.00,Tartelettes chocolat noir bio - 125g,16/6/2025,1512,€3.99,Épicerie sucrée,€2.39,Biscuits et gâteaux,Biscuits au chocolat,337,2025-02-24 16:40
3760311310034 - Lamazuna - Oriculi biosourcé fabriqué en France - 3660 - 7949103268095,7949103268095,€0.68,Oriculi biosourcé fabriqué en France,,142,€4.50,Hygiène et santé,€2.70,Visage,Cotons et coton-tiges,30,2025-01-11 12:07
3760308960082 - Biodyssée - Thé Glacé citron bio - 50cl - 5306 - 7754874257663,7754874257663,€0.63,Thé Glacé citron bio - 50cl,2/3/2025,158,€2.10,Boissons,€1.47,Sirop/thés glacés/sodas,Thés et infusions glacées,76,2024-05-05 10:52
3770000505412 - Id Bio - Poivre noir en poudre bio - 40g - 4050 - 7972022452479,7972022452479,€1.22,Poivre noir en poudre bio - 40g,31/5/2027,48,€4.29,Épicerie salée,€3.43,Épices et condiments,Épices et aromates,11,2024-02-01 18:04
3760308961355 - Biodyssée - Mélange pour pâtes bio - 40g - 3286 - 8925316350279,8925316350279,€0.96,Mélange pour pâtes bio - 40g,30/9/2025,250,€4.90,Épicerie salée,€3.92,Épices et condiments,Épices et aromates,20,2024-04-04 19:33
3700763500294 - Dodie - Biberon initial bleu D1 - 150ml - 288 - 9002933354823,9002933354823,€1.60,Biberon initial bleu D1 - 150ml,,12,€5.70,Bébé,€3.99,Alimentation bébé,Laits infantiles,1,2024-06-07 22:22
3229820765365 - Tanoshi - Ramen au boeuf - 360g - 4296 - 7911163789567,7911163789567,€1.05,Ramen au boeuf - 360g,15/7/2025,144,€3.49,Épicerie salée,€3.14,Pâtes/riz et légumineuses,Pâtes,44,2024-04-21 18:25
3701037403075 - Bravo Hugo - Cornichons au vinaigre de cidre bio - 660g - 1307 - 8665352732999,8665352732999,€2.00,Cornichons au vinaigre de cidre bio - 660g,7/7/2025,235,€9.21,Épicerie salée,€5.99,Épices et condiments,Cornichons/ pickles/ câpres,65,2025-03-25 16:13
3760308961379 - Biodyssée - Mélange tandoori bio - 40g - 3289 - 8925316383047,8925316383047,€1.13,Mélange tandoori bio - 40g,30/9/2025,197,€4.99,Épicerie salée,€3.99,Épices et condiments,Épices et aromates,9,2024-05-07 17:12
3489940460087 - Dermatherm - Eau micellaire nettoyante et démaquillante bio - 150ml - 1809 - 9057986871623,9057986871623,€3.63,Eau micellaire nettoyante et démaquillante bio - 150ml,,7,€15.79,Hygiène et santé,€11.05,Visage,Nettoyants et démaquillants,7,2024-07-01 22:10
3700655001991 - Les tendances d'Emma - Kit en bois carrés démaquillants lavables - 15 unités - 2827 - 8378817413447,8378817413447,€5.91,Kit en bois carrés démaquillants lavables - 15 unités,,11,€27.90,Hygiène et santé,€19.53,Visage,Accessoires visage,3,2025-03-23 21:00
5060229013767 - Pukka - Infusion trois gingembres bio - 20 Infusettes - 2741 - 7549553606911,7549553606911,€1.95,Infusion trois gingembres bio - 20 Infusettes,30/4/2027,29,€5.49,Boissons,€4.39,Boissons chaudes,Infusions et tisanes,7,2025-04-15 08:46
3770000506631 - Id Bio - Muscade entière bio - 30g - 3525 - 7670560981247,7670560981247,€1.34,Muscade entière bio - 30g,31/5/2027,95,€3.91,Épicerie salée,€3.52,Épices et condiments,Épices et aromates,59,2024-01-07 21:14
3489940061222 - Cosmo Naturel - Base pour masque capillaire bio - 200ml - 226 - 8452873978183,8452873978183,€2.11,Base pour masque capillaire bio - 200ml,,3,€6.95,Hygiène et santé,€4.89,Corps,DIY,2,2025-04-12 15:45
3396411234972 - Evernat - Barquettes O'fraises bio - 120g - 165 - 7985412374783,7985412374783,€1.04,Barquettes O'fraises bio - 120g,29/5/2025,242,€3.80,Épicerie sucrée,€3.04,Biscuits et gâteaux,Biscuits nature et fruit,10,2025-03-31 18:31
8410376037883 - Gullon - Cookies aux pépites de chocolat - 130g - 1253 - 8676034052423,8676034052423,€0.90,Cookies aux pépites de chocolat - 130g,9/7/2025,66,€3.29,Épicerie sucrée,€2.80,Biscuits et gâteaux,Biscuits au chocolat,180,2024-11-14 14:03
3175681293144 - Gerlinéa - Barres chocolat orange - 62g - 217 - 8629137768775,8629137768775,€0.73,Barres chocolat orange - 62g,30/6/2025,147,€2.20,Épicerie sucrée,€1.98,Biscuits et gâteaux,Barres de céréales et energy balls,45,2025-02-02 15:35
3770015013940 - Biodyssée - Poivre blanc entier bio - 500g - 4040 - 8925316809031,8925316809031,€3.36,Poivre blanc entier bio - 500g,28/2/2027,81,€19.75,Épicerie salée,€15.80,Épices et condiments,Épices et aromates,44,2024-04-16 19:15
3264221618469 - Embal'Froid - Sacs zip congélation - 27x28 cm - x20 - 4539 - 8950863528263,8950863528263,€0.94,Sacs zip congélation - 27x28 cm - x20,,251,€3.90,Maison,€3.12,Accessoires ménagers,Cuisson/ emballage/ conservation,18,2024-01-07 20:57
3489940074000 - Cosmo Naturel - Lait corporel tous types de peaux bio - 200ml - 2864 - 9057986052423,9057986052423,€3.48,Lait corporel tous types de peaux bio - 200ml,,39,€13.90,Hygiène et santé,€11.12,Corps,Crèmes/ soins/ exfoliants,1,2025-03-14 19:43
3291960011633 - Emma Noël - Huile vierge de nigelle bio - 50ml - 2669 - 8926584897863,8926584897863,€2.73,Huile vierge de nigelle bio - 50ml,28/5/2025,16,€9.32,Hygiène et santé,€8.39,Aromathérapie,Huiles végétales,8,2024-04-20 19:18
3380380090707 - Douce Nature - Gel Intime Douceur à la Rose - 500ml - 2222 - 8890826522951,8890826522951,€3.24,Gel Intime Douceur à la Rose - 500ml,,14,€10.79,Hygiène et santé,€9.71,Intime,Nettoyants,22,2024-01-08 23:33
4018852032021 - Bebivita - Petit pot pommes mangues bio - 250g - 4071 - 7676345188607,7676345188607,€0.60,Petit pot pommes mangues bio - 250g,30/4/2025,17,€2.49,Bébé,€1.87,Alimentation bébé,Petits pots et repas,42,2025-03-08 08:35
3423720002326 - Bio Soleil - Marbré Au Chocolat bio - 260g - 3162 - 7549597581567,7549597581567,€1.98,Marbré Au Chocolat bio - 260g,4/5/2025,89,€7.57,Épicerie sucrée,€6.06,Biscuits et gâteaux,Moelleux et gâteaux,10,2024-10-15 17:37
3489940049510 - Cosmo Naturel - Lait corps hydratant à l'orange et à la mandarine bio - 500ml - 2865 - 8869783372103,8869783372103,€2.60,Lait corps hydratant à l'orange et à la mandarine bio - 500ml,,76,€10.50,Hygiène et santé,€8.40,Corps,Crèmes/ soins/ exfoliants,45,2024-02-01 19:58
"3770021902047 - Jour de Thé - Infusion menthe, camomille et lavande bio - 60g - 2731 - 8450790293831",8450790293831,€2.50,"Infusion menthe, camomille et lavande bio - 60g",30/4/2025,224,€12.90,Boissons,€8.38,Boissons chaudes,Infusions et tisanes,21,2024-04-03 19:13
3489940550078 - Bio Since 1975 - Crème universelle Aloe vera bio - 200ml - 1515 - 9052891840839,9052891840839,€3.97,Crème universelle Aloe vera bio - 200ml,,44,€15.89,Hygiène et santé,€11.92,Corps,Crèmes/ soins/ exfoliants,26,2024-12-04 09:24
3291960016355 - Émile Noël - Sauce tartare bio - 90g - 4638 - 7622987448575,7622987448575,€1.00,Sauce tartare bio - 90g,28/5/2028,143,€3.25,Épicerie salée,€2.93,Sauces,Autres sauces,61,2024-06-02 11:48
3538396131406 - Coslys - Gel douche à la Mélisse bio - 380ml - 2164 - 9002932371783,9002932371783,€1.89,Gel douche à la Mélisse bio - 380ml,,16,€6.55,Hygiène et santé,€5.24,Corps,Gels douche et savons liquides,7,2025-02-26 08:23
3264221613730 - Publi Embal - Sacs congélation spécial 24 glaçons - x10 - 4519 - 8950863561031,8950863561031,€0.52,Sacs congélation spécial 24 glaçons - x10,,41,€3.32,Maison,€1.83,Accessoires ménagers,Cuisson/ emballage/ conservation,34,2024-01-18 15:25
3760308961010 - Biodyssée - Gingembre moulu bio - 130g - 2282 - 8925317595463,8925317595463,€1.04,Gingembre moulu bio - 130g,30/4/2025,58,€5.66,Épicerie salée,€4.53,Épices et condiments,Épices et aromates,93,2024-11-21 15:52
3770000507232 - Id Bio - Piment Langue d'Oiseau entier bio - 20g - 4003 - 7972022386943,7972022386943,,Piment Langue d'Oiseau entier bio - 20g,31/5/2025,0,€3.74,Épicerie salée,€2.81,Épices et condiments,Épices et aromates,31,2024-07-10 22:50
3770000506808 - Id Bio - Mélange d'épices pour Guacamole en poudre bio - 40g - 3244 - 7972023075071,7972023075071,€1.49,Mélange d'épices pour Guacamole en poudre bio - 40g,30/6/2027,11,€4.46,Épicerie salée,€4.01,Épices et condiments,Épices et aromates,21,2025-02-01 17:26
3760115096257 - Ma Ruche Bio - Miel d'acacia de la plaine du Danube bio - 250g - 3320 - 8870279414087,8870279414087,€5.60,Miel d'acacia de la plaine du Danube bio - 250g,7/11/2025,86,€11.00,Épicerie sucrée,€8.25,Pâtes à tartiner / Miels / Confitures,Miels et sirops,34,2024-09-06 13:28
3770000505276 - Id Bio - Coriandre en poudre bio - 30g - 1297 - 7972022026495,7972022026495,€0.79,Coriandre en poudre bio - 30g,1/10/2027,91,€3.07,Épicerie salée,€2.46,Épices et condiments,Épices et aromates,64,2024-07-05 23:51
3701311400714 - Emblica - Shampoing Brillance et Hydratation bio - 250ml - 4798 - 8952120705351,8952120705351,€3.23,Shampoing Brillance et Hydratation bio - 250ml,,71,€12.90,Hygiène et santé,€9.03,Cheveux,Shampoings liquides,49,2025-02-02 12:51
3760075816674 - Arc En Sel - Huile de Camélia ou Thé vert bio - 30ml - 2537 - 8870278267207,8870278267207,€5.71,Huile de Camélia ou Thé vert bio - 30ml,,18,€17.90,Hygiène et santé,€14.32,Aromathérapie,Huiles végétales,5,2025-02-08 19:53
7617014202707 - Café Royal - Café moulu espresso 8/10 Pérou bio - 10 capsules - 718 - 7633180492031,7633180492031,€1.16,Café moulu espresso 8/10 Pérou bio - 10 capsules,31/12/2025,309,€3.50,Boissons,€3.15,Boissons chaudes,Cafés et chicorées,62,2024-01-10 09:58
3229820762050 - Tanoshi - Sauce Soja Japonaise - 200ml - 4626 - 7939818062079,7939818062079,€1.11,Sauce Soja Japonaise - 200ml,3/4/2025,361,€3.69,Épicerie salée,€1.84,Sauces,Cuisine du monde,155,2024-04-10 22:35
3760303750008 - Italians do it better - Sauce tomate et basilic bio - 185g - 4656 - 8394369237319,8394369237319,€1.35,Sauce tomate et basilic bio - 185g,23/8/2025,81,€4.50,Épicerie salée,€4.05,Sauces,Sauces tomate,15,2025-02-26 19:11
3229820803265 - Tanoshi - Nouilles de riz précuites saveur phô boeuf - 380g - 3621 - 8917058552135,8917058552135,€1.26,Nouilles de riz précuites saveur phô boeuf - 380g,23/4/2025,44,€4.19,Épicerie salée,€3.77,Conserves/bocaux et plats cuisinés,Plats préparés,46,2024-06-02 11:48
3760308960983 - Biodyssée - Poivre noir moulu bio - 140g - 4055 - 8925317038407,8925317038407,"€2.13, €2.37, €2.61, €1.56",Poivre noir moulu bio - 140g,30/9/2025,299,€7.90,Épicerie salée,€7.11,Épices et condiments,Épices et aromates,17,2025-02-12 11:38
7617014191902 - Café Royal - Café Royal expresso forte 8/10 - 10 capsules - 737 - 7722344874239,7722344874239,€1.09,Café Royal expresso forte 8/10 - 10 capsules,31/7/2025,27,€3.30,Boissons,€2.97,Boissons chaudes,Cafés et chicorées,76,2023-12-20 09:42
3770000506839 - Id Bio - Mélange quatre baies en grains bio - 40g - 3291 - 8416730775879,8416730775879,€1.39,Mélange quatre baies en grains bio - 40g,30/8/2027,86,€5.38,Épicerie salée,€4.30,Épices et condiments,Épices et aromates,14,2024-01-13 21:44
3291960016331 - Émile Noël - Sauce béarnaise bio - 90g - 4584 - 7622987251967,7622987251967,€1.00,Sauce béarnaise bio - 90g,26/5/2026,138,€3.15,Épicerie salée,€2.83,Sauces,Autres sauces,53,2025-02-26 07:24
3229820803883 - Bjorg - Céréales Bio Croc' kid cacao noisettes - 350g - 815 - 8838249414983,8838249414983,€1.11,Céréales Bio Croc' kid cacao noisettes - 350g,25/3/2025,118,€3.69,Épicerie sucrée,€1.84,Petit-déjeuner,Céréales petit-déjeuner,405,2024-01-14 11:59
4018874010496 - Aries - Spray répulsif textile anti-moustiques - 100ml - 5092 - 8452873191751,8452873191751,€3.61,Spray répulsif textile anti-moustiques - 100ml,30/4/2025,58,€12.04,Maison,€10.23,Accessoires ménagers,Insecticides,8,2025-01-11 17:49
3380390173506 - Priméal - Tortils au citron et safran bio - 250g - 5477 - 8500978352455,8500978352455,€1.10,Tortils au citron et safran bio - 250g,11/2/2027,154,€3.80,Épicerie salée,€3.42,Pâtes/riz et légumineuses,Pâtes,26,2025-03-31 17:50
3380380095047 - Priméal - Macédoine de légumes de France bio - 720ml - 3121 - 8933961400647,8933961400647,€1.24,Macédoine de légumes de France bio - 720ml,30/4/2025,45,€4.44,Épicerie salée,€3.77,Conserves/bocaux et plats cuisinés,Légumes,320,2024-01-09 13:41
3229820792262 - Tanoshi - Sauce Soja Réduite en Sel - 200ml - 4627 - 7939818389759,7939818389759,€1.11,Sauce Soja Réduite en Sel - 200ml,3/1/2026,28,€3.69,Épicerie salée,€3.32,Sauces,Cuisine du monde,50,2024-05-18 19:10
3489940061499 - Cosmo Naturel - Beurre de cacao équitable bio - 100ml - 280 - 8449377698119,8449377698119,€3.83,Beurre de cacao équitable bio - 100ml,,19,€13.15,Hygiène et santé,€9.21,Corps,DIY,4,2025-03-11 22:30
3760308961492 - Biodyssée - Cristaux de sel blanc des pyrénées bio - 90g - 1520 - 8925315236167,8925315236167,€1.32,Cristaux de sel blanc des pyrénées bio - 90g,,86,€3.96,Épicerie salée,€2.81,Épices et condiments,Épices et aromates,28,2023-12-20 17:42
3664437000384 - Bélice - Savon visage jardin d'éden bio - 80g - 4742 - 8926584013127,8926584013127,€2.48,Savon visage jardin d'éden bio - 80g,,20,€8.50,Hygiène et santé,€5.95,Visage,Nettoyants et démaquillants,7,2025-02-15 18:41
3760308961164 - Biodyssée - Anis vert en graines bio - 40g - 76 - 8925315989831,8925315989831,€0.91,Anis vert en graines bio - 40g,30/9/2025,195,€3.04,Épicerie salée,€2.28,Épices et condiments,Épices et aromates,39,2023-12-08 09:54
3760001760446 - Tidoo - Eau nettoyante micellaire au calendula bio - 500ml - 1816 - 7549556850943,7549556850943,€2.97,Eau nettoyante micellaire au calendula bio - 500ml,1/12/2099,20,€9.90,Bébé,€7.92,Hygiène bébé,Bain et soin,17,2025-02-04 14:35
4046871005276 - Cosmoplast - Pansements Quick Zip résistants à l'eau - 20 unités - 3726 - 7694172586239,7694172586239,€0.48,Pansements Quick Zip résistants à l'eau - 20 unités,,29,€2.44,Hygiène et santé,€1.71,Santé,Parapharmacie,253,2024-02-17 06:43
3538396113402 - Coslys - Shampoing pour enfant pomme et poire bio - 500ml - 4831 - 8375095263559,8375095263559,€3.03,Shampoing pour enfant pomme et poire bio - 500ml,,30,€13.69,Hygiène et santé,€7.53,Cheveux,Shampoings liquides,30,2024-09-03 14:25
3701311400738 - Emblica - Shampoing Réparation et Douceur bio - 250ml - 4836 - 8952120770887,8952120770887,€3.48,Shampoing Réparation et Douceur bio - 250ml,,5,€13.90,Hygiène et santé,€10.43,Cheveux,Shampoings liquides,11,2024-09-10 12:49
3770000506822 - Id Bio - Mélange panch phoron bio - 40g - 3279 - 7754873733375,7754873733375,€1.21,Mélange panch phoron bio - 40g,30/4/2027,43,€3.57,Épicerie salée,€3.21,Épices et condiments,Épices et aromates,8,2024-03-28 19:31
3700749302218 - Marcel Bio - Jus d'orange bio - 75cl - 2760 - 8836983128391,8836983128391,€1.16,Jus d'orange bio - 75cl,30/1/2026,5,€5.49,Boissons,€4.39,Jus et boissons végétales,Jus de fruits,85,2025-02-13 10:28
3538394551206 - Etamine du Lys - Piège à mouches pour l'extérieur - 1 piège + 2 sachets - 3991 - 8359205175623,8359205175623,€5.61,Piège à mouches pour l'extérieur - 1 piège + 2 sachets,1/12/2099,30,€18.70,Maison,€14.96,Accessoires ménagers,Insecticides,10,2024-04-04 22:01
3760201134337 - Lamazuna - Nettoyant visage peaux normales parfum exotique bio - 27ml - 3560 - 8459101995335,8459101995335,€2.90,Nettoyant visage peaux normales parfum exotique bio - 27ml,,15,€9.90,Hygiène et santé,€6.93,Visage,Nettoyants et démaquillants,5,2025-01-24 18:54
3770000506600 - Id Bio - Poivre blanc en grains bio - 40g - 4039 - 8416730480967,8416730480967,€2.00,Poivre blanc en grains bio - 40g,21/2/2026,3,€5.07,Épicerie salée,€4.06,Épices et condiments,Épices et aromates,2,2025-02-28 16:36
3770000505238 - Id Bio - Cardamome entière bio - 30g - 776 - 8421110186311,8421110186311,€1.73,Cardamome entière bio - 30g,30/11/2026,9,€5.28,Épicerie salée,€3.96,Épices et condiments,Épices et aromates,15,2025-02-06 10:59
5714820311615 - Lastswab - Disques démaquillants réutilisables verts - 7 unités - 1775 - 8358426247495,8358426247495,€2.16,Disques démaquillants réutilisables verts - 7 unités,,1,€13.26,Hygiène et santé,€9.28,Visage,Accessoires visage,3,2025-02-16 23:08
3770000505962 - Id Bio - Mélange pour Salade en flocons bio - 25g - 3288 - 8416730415431,8416730415431,€1.04,Mélange pour Salade en flocons bio - 25g,31/3/2028,117,€3.53,Épicerie salée,€3.18,Épices et condiments,Épices et aromates,45,2024-04-10 19:05
3264963022005 - Limited Edition - Pâtes aux 4 oeufs plein air et blé - 500g - 3818 - 9052891545927,9052891545927,€0.90,Pâtes aux 4 oeufs plein air et blé - 500g,26/10/2026,131,€2.50,Épicerie salée,€2.25,Pâtes/riz et légumineuses,Pâtes,89,2024-06-05 10:18
8054154870059 - Nascita Italia - Gelée de balsamique - 100ml - 2259 - 8805625135431,8805625135431,€3.00,Gelée de balsamique - 100ml,30/11/2031,54,€14.00,Épicerie salée,€7.70,Huiles et vinaigres,Vinaigres,6,2024-09-30 14:15
3489940063141 - Cosmo Naturel - Solide hygiène intime Hydratant bio - 85g - 4963 - 8357881446727,8357881446727,€2.13,Solide hygiène intime Hydratant bio - 85g,,51,€7.25,Hygiène et santé,€6.53,Intime,Nettoyants,17,2024-07-18 08:12
3770000505221 - Id Bio - Cannelle cassia poudre bio - 40g - 756 - 7972021928191,7972021928191,€1.09,Cannelle cassia poudre bio - 40g,31/1/2027,45,€3.62,Épicerie salée,€2.53,Épices et condiments,Épices et aromates,37,2024-10-01 22:15
"3770022487062 - Allpampa - Mix Tropical, mélange 4 fruits bio - 24g - 3413 - 8885529346375",8885529346375,€1.15,"Mix Tropical, mélange 4 fruits bio - 24g",30/3/2025,21,€4.59,Épicerie sucrée,€2.29,Fruits secs et séchés,Fruits séchés,220,2025-01-10 17:28
5714820311318 - Lastswab - Disques démaquillants réutilisables avec étui turquoise - 7 unités - 1773 - 8374564880711,8374564880711,€2.16,Disques démaquillants réutilisables avec étui turquoise - 7 unités,,7,€13.95,Hygiène et santé,€9.76,Visage,Accessoires visage,8,2024-09-11 08:48
7617014202820 - Café Royal - Café en grains Pérou Classico bio - 500g - 691 - 7792285843711,7792285843711,€4.68,Café en grains Pérou Classico bio - 500g,30/4/2025,128,€14.29,Boissons,€12.86,Boissons chaudes,Cafés et chicorées,19,2025-01-03 08:42
3770006030789 - Terra Cérès - Brownie au chocolat et aux noisettes sans gluten bio - 170g - 651 - 8829085057351,8829085057351,€1.90,Brownie au chocolat et aux noisettes sans gluten bio - 170g,30/5/2025,119,€5.50,Épicerie sucrée,€4.95,Biscuits et gâteaux,Moelleux et gâteaux,94,2023-09-06 13:39
3258590000352 - Dardenne - Chocolat noir 71% aux noisettes entières bio - 180g - 984 - 7920930423039,7920930423039,€2.67,Chocolat noir 71% aux noisettes entières bio - 180g,12/9/2025,9,€7.81,Épicerie sucrée,€6.25,Chocolat et confiseries,Tablettes de chocolat,22,2025-04-14 17:19
3770000505900 - Id Bio - Estragon en flocon bio - 20g - 1874 - 7972022649087,7972022649087,€1.19,Estragon en flocon bio - 20g,31/5/2027,183,€3.63,Épicerie salée,€3.27,Épices et condiments,Épices et aromates,9,2024-06-24 14:54
3770014147868 - Another Way - Recharges Shampoing Fleur de lotus x2 - 4339 - 7676344140031,7676344140031,€3.07,Recharges Shampoing Fleur de lotus x2,,9,€13.50,Hygiène et santé,€10.80,Cheveux,Shampoings solides,4,2025-02-03 09:12
3760349450221 - BabyJU - Gel lavant 2-en-1 bébé bio - 500ml - 2226 - 8903293665607,8903293665607,€2.97,Gel lavant 2-en-1 bébé bio - 500ml,1/1/2099,93,€9.90,Bébé,€7.43,Hygiène bébé,Bain et soin,2,2025-01-05 14:15
3380390175524 - Priméal - Spirales blé 3 couleurs au quinoa bio - 500g - 5050 - 8500978516295,8500978516295,€1.13,Spirales blé 3 couleurs au quinoa bio - 500g,13/2/2027,117,€3.89,Épicerie salée,€3.31,Pâtes/riz et légumineuses,Pâtes,63,2025-03-31 13:41
3770004283019 - Secrets des Fées - Gommage hydratant éclat du teint - 8g - 2305 - 8926587814215,8926587814215,€0.96,Gommage hydratant éclat du teint - 8g,28/1/2027,61,€3.85,Hygiène et santé,€3.27,Visage,Nettoyants et démaquillants,18,2024-01-06 09:51
3264963020421 - Sant'Angelo - Coquillettes aux 3 oeufs frais - 500g - 1282 - 8500980220231,8500980220231,€0.75,Coquillettes aux 3 oeufs frais - 500g,17/6/2026,440,€2.50,Épicerie salée,€2.25,Pâtes/riz et légumineuses,Pâtes,165,2024-01-08 12:01
5060519148346 - Pukka - Infusion Hiver Enchanté bio - 20 sachets - 2727 - 8869784125767,8869784125767,€1.30,Infusion Hiver Enchanté bio - 20 sachets,1/2/2026,34,€4.50,Boissons,€4.05,Boissons chaudes,Infusions et tisanes,29,2025-01-23 22:38
4046871003722 - Bel Baby - Maxi carrés pour bébé 100% coton - 60 unités - 3206 - 7733548613887,7733548613887,€1.04,Maxi carrés pour bébé 100% coton - 60 unités,,41,€10.68,Bébé,€5.34,Hygiène bébé,Couches et changes,14,2024-05-07 22:17
3489940063073 - Cosmo Naturel - Gel douche solide sans parfum à l'huile d'olive bio - 85g - 2208 - 9002935386439,9002935386439,€1.70,Gel douche solide sans parfum à l'huile d'olive bio - 85g,,15,€7.40,Hygiène et santé,€5.92,Corps,Savons solides,19,2025-01-23 19:05
5060229013729 - Pukka - Thé noir chai original bio - 20 Infusettes - 5317 - 7549553377535,7549553377535,€1.95,Thé noir chai original bio - 20 Infusettes,30/6/2027,6,€5.49,Boissons,€4.39,Boissons chaudes,Infusions et tisanes,2,2025-04-15 05:20
3770000505450 - Id Bio - Mélange d'épices pour Colombo bio - 40g - 3242 - 7972022976767,7972022976767,€0.97,Mélange d'épices pour Colombo bio - 40g,30/6/2027,148,€3.22,Épicerie salée,€2.90,Épices et condiments,Épices et aromates,28,2025-02-05 09:56
3770000505351 - Id Bio - Graines de moutarde noire bio - 60g - 2385 - 8421110251847,8421110251847,€1.20,Graines de moutarde noire bio - 60g,31/10/2024,60,€4.70,Épicerie salée,€3.29,Épices et condiments,Épices et aromates,10,2024-08-27 02:05
3760050653577 - Kitz - Liquide de rinçage en machine - 5L - 3057 - 8437644656967,8437644656967,€3.80,Liquide de rinçage en machine - 5L,,34,€15.20,Maison,€12.92,Entretien et ménage,Vaisselle,22,2025-03-03 17:47
"4008871216113 - Albal - Sacs de congélation avec liens, taille moyenne, 25x27cm - 30 unités - 8407 - 9940798079303",9940798079303,€0.92,"Sacs de congélation avec liens, taille moyenne, 25x27cm - 30 unités",,67,€2.89,Maison,€2.60,Accessoires ménagers,Cuisson/ emballage/ conservation,13,2025-02-27 15:32
3326101000532 - Argiletz - Après-shampoing argile orange - 200ml - 103 - 8455685472583,8455685472583,€2.78,Après-shampoing argile orange - 200ml,,21,€9.80,Hygiène et santé,€6.86,Cheveux,Masques et soins,21,2025-02-04 22:40
3700749300481 - Infusion - Infusion glacée pêche citron verveine bio - 1L - 2725 - 8676043915591,8676043915591,€0.56,Infusion glacée pêche citron verveine bio - 1L,11/6/2025,116,€2.80,Boissons,€2.38,Sirop/thés glacés/sodas,Thés et infusions glacées,94,2024-08-31 19:55
3760308960136 - Biodyssée - Thé Glacé pêche bio - 1L - 5309 - 7754874290431,7754874290431,€0.99,Thé Glacé pêche bio - 1L,5/6/2025,174,€3.30,Boissons,€2.31,Sirop/thés glacés/sodas,Thés et infusions glacées,106,2024-04-03 19:11
3770000506877 - Id Bio - Clou de girofle en poudre bio - 30g - 1085 - 8416730808647,8416730808647,€1.04,Clou de girofle en poudre bio - 30g,30/5/2027,22,€4.20,Épicerie salée,€3.15,Épices et condiments,Épices et aromates,3,2025-02-26 11:47
3770000505382 - Id Bio - Paprika fort en poudre bio - 40g - 3737 - 7972022321407,7972022321407,€1.09,Paprika fort en poudre bio - 40g,30/6/2027,125,€3.72,Épicerie salée,€3.16,Épices et condiments,Épices et aromates,25,2024-05-10 23:32
3760259130671 - Airchips - Chips à base de Pomme de Terre bio - 110g - 871 - 7907304538367,7907304538367,€1.30,Chips à base de Pomme de Terre bio - 110g,28/2/2025,11,€4.50,Épicerie salée,€2.25,Apéritifs,Chips et gâteaux,232,2024-02-15 23:55
3770021902054 - Jour de Thé - Infusion Rooibos vert grenade et fraise bio - 60g - 2735 - 8450790326599,8450790326599,€2.50,Infusion Rooibos vert grenade et fraise bio - 60g,30/4/2025,214,€12.90,Boissons,€8.38,Boissons chaudes,Infusions et tisanes,19,2024-01-08 12:01
3264221612146 - Embal'Sac - Sacs poubelle 100 litres à liens coulissants - 10 unités - 4522 - 7660527190271,7660527190271,€1.12,Sacs poubelle 100 litres à liens coulissants - 10 unités,,60,€5.32,Maison,€3.99,Accessoires ménagers,Sacs poubelles,23,2025-01-16 13:10
3770010033240 - Carrés Futés - Carrés de fruits à pâtisser citron mandarine - 70g - 790 - 8662553166151,8662553166151,€1.22,Carrés de fruits à pâtisser citron mandarine - 70g,15/10/2025,16,€5.30,Épicerie sucrée,€3.71,Pâtisserie,Arômes / Colorants / Aides à pâtisserie,68,2025-03-08 07:27
"3664437000391 - Bélice - Savon visage matin d'été, peaux normales à mixtes bio - 80g - 4743 - 8926584045895",8926584045895,€1.11,"Savon visage matin d'été, peaux normales à mixtes bio - 80g",,31,€8.50,Hygiène et santé,€6.80,Visage,Nettoyants et démaquillants,8,2024-01-08 17:31
3489940063110 - Cosmo Naturel - Dentifrice solide à la menthe bio - 23g - 1700 - 8375097557319,8375097557319,€1.27,Dentifrice solide à la menthe bio - 23g,,5,€5.50,Hygiène et santé,€3.30,Dentaire,Dentifrices,58,2025-02-02 00:10
"3489940049206 - Cosmo Naturel - Shampoing fortifiant quinquina, sauge et citron bio - 500ml - 4827 - 8869783961927",8869783961927,€4.99,"Shampoing fortifiant quinquina, sauge et citron bio - 500ml",,5,€14.50,Hygiène et santé,€11.60,Cheveux,Shampoings liquides,21,2024-05-05 01:45
4046871005764 - Cosmoplast - Pansements waterproof Aqua - 20 unités - 3727 - 8829084762439,8829084762439,€0.77,Pansements waterproof Aqua - 20 unités,10/5/2029,179,€2.44,Hygiène et santé,€1.83,Santé,Parapharmacie,142,2024-02-19 14:09
3175681287211 - Weight Watchers - Biscuits au chocolat et aux noix de pécan - 200g - 420 - 8426284024135,8426284024135,€1.10,Biscuits au chocolat et aux noix de pécan - 200g,30/9/2025,608,€3.25,Épicerie sucrée,€2.93,Biscuits et gâteaux,Biscuits au chocolat,220,2025-02-04 23:15
3760308961546 - Biodyssée - Cristaux de sel rose des Pyrénées bio - 500g - 1521 - 8925315268935,8925315268935,,Cristaux de sel rose des Pyrénées bio - 500g,31/12/2033,0,€3.90,Épicerie salée,€2.93,Épices et condiments,Épices et aromates,175,2023-12-20 17:42
3229820765303 - Tanoshi - Kit Sushi - 289g - 2830 - 7939818488063,7939818488063,€2.15,Kit Sushi - 289g,13/8/2025,123,€7.15,Épicerie salée,€6.44,Conserves/bocaux et plats cuisinés,Plats préparés,14,2024-11-29 12:02
3770000505535 - Id Bio - Mélange pour pain d'épices en poudre bio - 40g - 3285 - 8416730317127,8416730317127,€1.07,Mélange pour pain d'épices en poudre bio - 40g,30/11/2027,305,€3.55,Épicerie sucrée,€3.19,Pâtisserie,Arômes / Colorants / Aides à pâtisserie,37,2024-07-17 18:05
"3380380051067 - Priméal - Spaghetti au blé, quinoa et tomate bio - 500g - 5020 - 8500978450759",8500978450759,€1.10,"Spaghetti au blé, quinoa et tomate bio - 500g",25/2/2027,116,€3.80,Épicerie salée,€3.23,Pâtes/riz et légumineuses,Pâtes,64,2025-03-31 13:41
"3663518241876 - Guerande - Hydra aqua, brume parfumée en spray bio - 100ml - 2677 - 8927098306887",8927098306887,€5.80,"Hydra aqua, brume parfumée en spray bio - 100ml",7/1/2025,14,€19.90,Hygiène et santé,€13.93,Corps,Nettoyants et démaquillants,7,2024-11-12 16:22
871561004697 - Touch Organic - Thé blanc aux fruits rouges bio - 24 sachets - 5297 - 8465731715399,8465731715399,€1.19,Thé blanc aux fruits rouges bio - 24 sachets,11/6/2026,188,€4.68,Boissons,€3.51,Boissons chaudes,Thés et matés,53,2024-07-06 12:52
3770000505719 - Id Bio - Curry indien bio - 30g - 1624 - 7972023009535,7972023009535,€0.97,Curry indien bio - 30g,30/11/2027,239,€3.29,Épicerie salée,€2.96,Épices et condiments,Épices et aromates,66,2024-01-13 19:05
7617014191865 - Café Royal - Café Royal Lungo 4/10 - 10 capsules - 738 - 8731837858119,8731837858119,€1.09,Café Royal Lungo 4/10 - 10 capsules,31/7/2025,31,€3.30,Boissons,€2.97,Boissons chaudes,Cafés et chicorées,72,2025-02-12 14:08
3760308961348 - Biodyssée - Mélange pour Guacamole bio - 40g - 3282 - 8925316579655,8925316579655,€0.93,Mélange pour Guacamole bio - 40g,30/9/2025,376,€4.85,Épicerie salée,€3.88,Épices et condiments,Épices et aromates,93,2024-01-16 09:41
7616500927537 - Café Royal - Café Expresso Forte origine Honduras - 10 capsules - 699 - 8725278359879,8725278359879,€1.12,Café Expresso Forte origine Honduras - 10 capsules,31/3/2025,311,€3.29,Boissons,€1.65,Boissons chaudes,Cafés et chicorées,495,2024-01-16 09:41
3489940049183 - Cosmo Naturel - Gel douche relaxant à la verveine bio - 1L - 2200 - 8364511297863,8364511297863,€5.06,Gel douche relaxant à la verveine bio - 1L,1/1/2028,81,€16.65,Hygiène et santé,€12.49,Corps,Gels douche et savons liquides,25,2025-03-13 22:12
3760308961157 - Biodyssée - Oignon semoule bio - 45g - 3632 - 8925316022599,8925316022599,€0.75,Oignon semoule bio - 45g,30/9/2025,2,€2.50,Épicerie salée,€2.00,Épices et condiments,Épices et aromates,192,2023-12-20 09:42
3700763500300 - Dodie - Biberon initiation rose D1 - 150ml - 289 - 9002933387591,9002933387591,€1.60,Biberon initiation rose D1 - 150ml,,28,€5.70,Bébé,€4.56,Alimentation bébé,Laits infantiles,3,2025-03-06 19:16
3760265302017 - Flora Natura - Complex 4+ digestion bio - 20 ampoules - 1150 - 8359204618567,8359204618567,€4.02,Complex 4+ digestion bio - 20 ampoules,,6,€10.29,Hygiène et santé,€8.23,Santé,Compléments alimentaires,9,2025-01-23 19:05
3229820794686 - Tanoshi - Sauce Soja Sucrée - 200ml - 4632 - 7939818324223,7939818324223,€1.71,Sauce Soja Sucrée - 200ml,16/9/2026,81,€5.69,Épicerie salée,€5.12,Sauces,Cuisine du monde,23,2024-04-22 19:02
3770021902016 - Jour de Thé - Thé vert au citron et gingembre bio - 60g - 5340 - 8450790162759,8450790162759,€2.50,Thé vert au citron et gingembre bio - 60g,30/4/2025,217,€12.90,Boissons,€8.38,Boissons chaudes,Thés et matés,22,2025-02-05 19:21
"3760001764680 - Tidoo - Gel douche extra-doux sensitif, sans parfum bio - 750ml - 2180 - 8925318807879",8925318807879,€1.69,"Gel douche extra-doux sensitif, sans parfum bio - 750ml",,40,€8.99,Hygiène et santé,€7.19,Corps,Gels douche et savons liquides,13,2024-09-18 17:18
3770000505542 - Id Bio - Mélange Ras el Hanout en poudre bio - 40g - 3292 - 8421110284615,8421110284615,€1.18,Mélange Ras el Hanout en poudre bio - 40g,30/10/2027,178,€3.67,Épicerie salée,€3.30,Épices et condiments,Épices et aromates,43,2023-12-27 16:53
3264221613952 - Les Minis - Sacs poubelle 20L avec liens fermetures taille petite 45x47cm  - 20 unités - 4526 - 8410290618695,8410290618695,€0.59,Sacs poubelle 20L avec liens fermetures taille petite 45x47cm  - 20 unités,,17,€2.50,Maison,€2.00,Accessoires ménagers,Sacs poubelles,11,2025-04-02 10:25
"8016867007382 - Organyc - Tampons compact super avec applicateur, origine végétale - x16 - 5213 - 8891984445767",8891984445767,€2.51,"Tampons compact super avec applicateur, origine végétale - x16",31/12/2025,78,€7.86,Hygiène et santé,€5.50,Intime,Protections hygiéniques,15,2024-12-25 12:17
3770000507188 - Id Bio - Ciboulette en flocon bio - 20g - 1052 - 7972022616319,7972022616319,€0.93,Ciboulette en flocon bio - 20g,1/5/2027,71,€3.26,Épicerie salée,€2.77,Épices et condiments,Épices et aromates,70,2024-01-07 21:04
871561004635 - Touch Organic - Thé oolong bio - x24 unités - 5330 - 8991199560007,8991199560007,€0.96,Thé oolong bio - x24 unités,25/5/2027,190,€3.71,Boissons,€2.97,Boissons chaudes,Thés et matés,52,2024-02-01 19:58
"3700749305479 - Hugo le Maraîcher - Smoothie pomme, fraise et banane - 1L - 4939 - 8917058847047",8917058847047,€1.25,"Smoothie pomme, fraise et banane - 1L",2/8/2025,29,€4.40,Boissons,€3.74,Jus et boissons végétales,Jus de fruits,95,2023-12-20 17:42
3291960008916 - Emma Noël - Gel douche aux agrumes bio - 1L - 2171 - 8926583554375,8926583554375,€5.00,Gel douche aux agrumes bio - 1L,,53,€15.05,Hygiène et santé,€12.00,Corps,Gels douche et savons liquides,19,2024-09-08 14:06
3263670552010 - Phare D'Eckmühl - Filets de sardines à la sauce citronnée bio - 90g - 1983 - 7549545021695,7549545021695,€1.76,Filets de sardines à la sauce citronnée bio - 90g,31/3/2027,49,€5.87,Épicerie salée,€4.70,Conserves/bocaux et plats cuisinés,Produits de la mer,136,2024-06-19 19:15
3770000505931 - Id Bio - Sarriette en flocons bio - 20g - 4563 - 8416730612039,8416730612039,€1.03,Sarriette en flocons bio - 20g,1/10/2027,82,€3.04,Épicerie salée,€2.74,Épices et condiments,Épices et aromates,12,2025-02-05 15:01
3770000505313 - Id Bio - Fenouil poudre bio - 40g - 1943 - 7754873635071,7754873635071,€1.13,Fenouil poudre bio - 40g,30/6/2027,159,€3.09,Épicerie salée,€2.47,Épices et condiments,Épices et aromates,23,2024-04-26 17:59
3770000507225 - Id Bio - Mélange trois poivres en grains bio - 30g - 3298 - 8421109989703,8421109989703,€1.53,Mélange trois poivres en grains bio - 30g,30/6/2027,184,€5.24,Épicerie salée,€4.45,Épices et condiments,Épices et aromates,26,2024-04-10 19:12
3229820790312 - Bjorg - Lot de 3 biscuits Fourrés Vanille bio - 3x225g - 462 - 7939818029311,7939818029311,€2.77,Lot de 3 biscuits Fourrés Vanille bio - 3x225g,4/6/2025,129,€9.24,Épicerie sucrée,€8.32,Biscuits et gâteaux,Biscuits nature et fruit,104,2024-01-12 16:50
3274490970267 - Meneau - Sirop de canne nature bio - 50cl - 4914 - 7549539647743,7549539647743,€2.01,Sirop de canne nature bio - 50cl,1/8/2026,133,€6.70,Boissons,€4.69,Sirop/thés glacés/sodas,Sirops,20,2024-09-06 19:48
871561004895 - Touch Organic - Thé vert sencha - 24 sachets - 5381 - 8959475056967,8959475056967,€0.98,Thé vert sencha - 24 sachets,13/6/2026,176,€3.71,Boissons,€2.97,Boissons chaudes,Thés et matés,66,2024-03-22 11:48
5714820311813 - Lastswab - Disques démaquillants réutilisables bleu - 7 disques - 1774 - 8364509888839,8364509888839,€2.16,Disques démaquillants réutilisables bleu - 7 disques,,13,€13.26,Hygiène et santé,€9.28,Visage,Accessoires visage,2,2025-03-02 21:00
4018852032052 - Bebivita - Petit pot carottes pommes de terre bio - 190g - 3907 - 7858229477631,7858229477631,€0.36,Petit pot carottes pommes de terre bio - 190g,31/8/2025,105,€1.49,Bébé,€1.12,Alimentation bébé,Petits pots et repas,15,2025-03-05 10:12
3770000505511 - Id Bio - Garam Masala en poudre bio - 40g - 2120 - 8421110448455,8421110448455,€1.27,Garam Masala en poudre bio - 40g,30/6/2027,36,€3.70,Épicerie salée,€3.33,Épices et condiments,Épices et aromates,26,2023-12-27 16:53
"3770021902023 - Jour de Thé - Thé vert, yerba maté, orange bio - 105g - 5386 - 8450790195527",8450790195527,€2.50,"Thé vert, yerba maté, orange bio - 105g",30/4/2025,237,€12.90,Boissons,€8.38,Boissons chaudes,Thés et matés,30,2024-04-03 19:13
3770000505245 - Id Bio - Cardamome poudre bio - 30g - 778 - 7754873569535,7754873569535,€1.65,Cardamome poudre bio - 30g,30/3/2027,11,€5.30,Épicerie salée,€3.71,Épices et condiments,Épices et aromates,35,2024-02-11 19:29
3770000505306 - Id Bio - Curcuma en poudre bio - 40g - 1611 - 7972022092031,7972022092031,€0.84,Curcuma en poudre bio - 40g,1/4/2027,138,€3.33,Épicerie salée,€2.50,Épices et condiments,Épices et aromates,40,2024-02-01 18:04
3264221610425 - Embal'Alu - Papier aluminium - 50m x 28cm - 3730 - 7951793717503,7951793717503,€2.19,Papier aluminium - 50m x 28cm,,153,€9.50,Maison,€7.60,Accessoires ménagers,Cuisson/ emballage/ conservation,65,2025-01-02 11:19
3175681287204 - Weight Watchers - Biscuits au cacao fourrés à la crème vanille - 200g - 419 - 8426283893063,8426283893063,€1.20,Biscuits au cacao fourrés à la crème vanille - 200g,23/8/2025,161,€3.52,Épicerie sucrée,€3.17,Biscuits et gâteaux,Biscuits au chocolat,193,2024-08-06 12:45
5029053560762 - Kleenex - Paquet de mouchoirs - x8 - 3738 - 7867824701695,7867824701695,€0.88,Paquet de mouchoirs - x8,,445,€3.49,Maison,€2.97,Accessoires ménagers,Papier WC/ mouchoirs/ essuie-tout,44,2024-08-08 14:39
3229820803319 - Tanoshi - Kit Bobun - 485g - 2822 - 8949485928775,8949485928775,€1.58,Kit Bobun - 485g,8/3/2025,146,€6.95,Épicerie salée,€3.48,Conserves/bocaux et plats cuisinés,Plats préparés,208,2024-02-17 12:21
"8710522443491 - Love Beauty and Planet - Brosse à dent bambou, poils charbon medium - x1 - 625 - 8950863724871",8950863724871,€0.78,"Brosse à dent bambou, poils charbon medium - x1",,93,€3.45,Hygiène et santé,€2.07,Dentaire,Brosses à dent,34,2025-01-06 19:19
3538394920231 - Coslys - Shampoing cheveux gras Détox Fraîcheur bio - 500ml - 4799 - 8925318611271,8925318611271,€2.09,Shampoing cheveux gras Détox Fraîcheur bio - 500ml,,22,€11.80,Hygiène et santé,€9.44,Cheveux,Shampoings liquides,5,2024-01-10 19:46
3770000505467 - Id Bio - Mélange d'épices pour grillades à l'antillaise bio - 40g - 3243 - 7972023042303,7972023042303,€1.13,Mélange d'épices pour grillades à l'antillaise bio - 40g,30/6/2027,14,€3.82,Épicerie salée,€3.44,Épices et condiments,Épices et aromates,25,2023-10-01 22:59
3760001763973 - Tidoo - Lingettes au liniment en coton bio - 40 unités - 3044 - 8430968635719,8430968635719,€1.23,Lingettes au liniment en coton bio - 40 unités,30/8/2026,213,€5.15,Bébé,€3.09,Hygiène bébé,Bain et soin,45,2024-08-02 14:29
3489940061550 - Cosmo Naturel - Agent de conservation bio - 50ml - 37 - 8452873912647,8452873912647,€5.69,Agent de conservation bio - 50ml,,36,€16.37,Hygiène et santé,€13.10,Corps,DIY,3,2024-09-04 16:36
3291960016348 - Émile Noël - Sauce poivre vert bio - 90g - 4612 - 7622986793215,7622986793215,€1.00,Sauce poivre vert bio - 90g,28/5/2028,151,€3.43,Épicerie salée,€2.92,Sauces,Autres sauces,41,2025-02-26 13:25
3229820796307 - Tanoshi - Sauce Soja bio - 200ml - 4625 - 7939818225919,7939818225919,€1.16,Sauce Soja bio - 200ml,7/2/2026,39,€3.88,Épicerie salée,€3.49,Sauces,Cuisine du monde,39,2024-04-25 14:50
3770000505290 - Id Bio - Cumin en poudre bio - 40g - 1596 - 7972022059263,7972022059263,€1.47,Cumin en poudre bio - 40g,31/10/2027,270,€4.62,Épicerie salée,€4.16,Épices et condiments,Épices et aromates,16,2025-02-08 12:43
3760308961140 - Biodyssée - Estragon bio - 40g - 1873 - 8925315793223,8925315793223,€0.85,Estragon bio - 40g,31/10/2025,406,€2.85,Épicerie salée,€2.56,Épices et condiments,Épices et aromates,46,2024-06-16 11:45
3760001768053 - Tidoo - Eau nettoyante micellaire à l'extrait de mauve - 500ml - 1815 - 8978314985799,8978314985799,€2.21,Eau nettoyante micellaire à l'extrait de mauve - 500ml,,13,€8.50,Bébé,€5.95,Hygiène bébé,Bain et soin,19,2024-05-07 22:17
3770000506617 - Id Bio - Poivre noir long en grains bio - 40g - 4054 - 8421110546759,8421110546759,€1.67,Poivre noir long en grains bio - 40g,1/10/2027,176,€4.75,Épicerie salée,€4.28,Épices et condiments,Épices et aromates,3,2024-10-01 22:15
3770000505924 - Id Bio - Marjolaine en flocons bio - 12g - 3167 - 8416730677575,8416730677575,€1.00,Marjolaine en flocons bio - 12g,31/12/2024,77,€3.80,Épicerie salée,€2.66,Épices et condiments,Épices et aromates,14,2024-09-08 14:06
3264221620189 - Embal'Eco - Sacs poubelle aux liens coulissants - 30L x 15 sacs - 4528 - 8410290716999,8410290716999,€0.57,Sacs poubelle aux liens coulissants - 30L x 15 sacs,,332,€2.45,Maison,€1.96,Accessoires ménagers,Sacs poubelles,119,2024-01-29 19:06
3489940460193 - Dermatherm - Eau micellaire apaisante - 150ml - 1805 - 9053603070279,9053603070279,€4.37,Eau micellaire apaisante - 150ml,,8,€19.00,Hygiène et santé,€13.30,Visage,Nettoyants et démaquillants,7,2024-09-10 12:49
3760001763959 - Tidoo - Crème lavante et nourrissante bio - 200ml - 1490 - 8449377501511,8449377501511,€1.71,Crème lavante et nourrissante bio - 200ml,,17,€5.86,Bébé,€4.10,Hygiène bébé,Bain et soin,5,2025-02-26 15:19
"3175681281943 - Céréal Bio - Bouillon au lait de coco, tofu, nouilles et curry bio - 220g - 576 - 8913475109191",8913475109191,€1.18,"Bouillon au lait de coco, tofu, nouilles et curry bio - 220g",28/4/2025,92,€3.75,Épicerie salée,€3.38,Conserves/bocaux et plats cuisinés,Plats préparés,203,2023-11-24 19:18
3770000505337 - Id Bio - Gingembre en poudre bio - 30g - 2277 - 7972022190335,7972022190335,€0.89,Gingembre en poudre bio - 30g,31/10/2027,236,€3.04,Épicerie salée,€2.58,Épices et condiments,Épices et aromates,34,2024-01-10 21:42
3760308961362 - Biodyssée - Mélange pour poisson bio - 40g - 3287 - 8925316317511,8925316317511,€0.68,Mélange pour poisson bio - 40g,30/9/2025,60,€2.53,Épicerie salée,€1.90,Épices et condiments,Épices et aromates,66,2024-06-25 09:36
3489940061123 - Cosmo Naturel - Agent émulsionnant à chaud - 50g - 38 - 8450636448071,8450636448071,€1.42,Agent émulsionnant à chaud - 50g,6/9/2023,5,€6.90,Hygiène et santé,€3.45,Corps,DIY,4,2025-02-02 00:10
3760308961515 - Biodyssée - Cristaux de sel rose des Pyrénées bio - 90g - 1522 - 8925315105095,8925315105095,€1.65,Cristaux de sel rose des Pyrénées bio - 90g,,142,€4.94,Épicerie salée,€3.56,Épices et condiments,Épices et aromates,15,2024-02-16 22:10
"3770021902030 - Jour de Thé - Infusion camomille, citronnelle et épices bio - 60g - 2700 - 8450790228295",8450790228295,€2.50,"Infusion camomille, citronnelle et épices bio - 60g",30/4/2025,295,€12.90,Boissons,€8.38,Boissons chaudes,Infusions et tisanes,6,2024-04-03 19:13
3383482301092 - Briochin - Recharge de savon main lavande et romarin bio - 400ml - 4324 - 9002934862151,9002934862151,€1.15,Recharge de savon main lavande et romarin bio - 400ml,,42,€4.99,Hygiène et santé,€3.99,Corps,Mains et pieds,140,2024-02-24 16:06
3770000507157 - Id Bio - Piment de Cayenne en poudre bio - 40g - 4001 - 7972022354175,7972022354175,€1.29,Piment de Cayenne en poudre bio - 40g,30/3/2026,18,€3.64,Épicerie salée,€3.28,Épices et condiments,Épices et aromates,22,2024-01-06 09:51
3770000505405 - Id Bio - Poivre noir en grain bio - 40g - 4046 - 7972022419711,7972022419711,€1.04,Poivre noir en grain bio - 40g,30/10/2027,48,€4.48,Épicerie salée,€3.14,Épices et condiments,Épices et aromates,37,2025-02-02 06:33
978020176562 - Lucien Georgelin - Pâtes de fruits - 100g - 3820 - 8410069664071,8410069664071,€0.91,Pâtes de fruits - 100g,21/9/2025,163,€3.32,Épicerie sucrée,€2.99,Chocolat et confiseries,Confiseries et chewing-gum,167,2024-02-24 16:06
3770006030857 - Happy Go - Brownie chocolat noisette bio - 75g - 654 - 8434919702855,8434919702855,€0.75,Brownie chocolat noisette bio - 75g,1/6/2025,73,€2.65,Épicerie sucrée,€2.25,Biscuits et gâteaux,Moelleux et gâteaux,232,2024-02-19 19:22
3229820790183 - Bjorg - Lot de 2 fourrés citron bio - 2x225g - 459 - 7939817996543,7939817996543,€2.03,Lot de 2 fourrés citron bio - 2x225g,5/4/2025,399,€6.78,Épicerie sucrée,€3.39,Biscuits et gâteaux,Biscuits nature et fruit,467,2024-11-23 11:04
3489940460063 - Dermatherm - Lait nettoyant démaquillant ultra confort bio - 150ml - 2922 - 9057986740551,9057986740551,€3.00,Lait nettoyant démaquillant ultra confort bio - 150ml,,2,€13.06,Hygiène et santé,€9.10,Visage,Nettoyants et démaquillants,14,2025-02-06 16:06
3229820801650 - Bjorg - Croc'fourrées tout choco bio - 350g - 1525 - 8452337008967,8452337008967,€1.77,Croc'fourrées tout choco bio - 350g,25/3/2025,328,€5.89,Épicerie sucrée,€2.94,Petit-déjeuner,Céréales petit-déjeuner,171,2024-09-19 20:26
5410046000516 - Materne - Confiture Nostalgie abricot - 265g - 1236 - 8950863364423,8950863364423,€0.72,Confiture Nostalgie abricot - 265g,1/8/2025,41,€3.89,Épicerie sucrée,€2.33,Pâtes à tartiner / Miels / Confitures,Confitures,260,2024-01-08 17:12
3489940061260 - Cosmo Naturel - Acide lactique bio - 100ml - 29 - 8450789736775,8450789736775,€1.21,Acide lactique bio - 100ml,,6,€4.50,Hygiène et santé,€3.15,Corps,DIY,4,2025-02-26 07:42
3760308961003 - Biodyssée - Granulés d'ail bio - 220g - 2432 - 8925317792071,8925317792071,€2.22,Granulés d'ail bio - 220g,30/4/2025,57,€7.40,Épicerie salée,€5.92,Épices et condiments,Épices et aromates,79,2024-04-10 15:20
3229820799919 - Tanoshi - Cup Nouilles Sans Colorant Légumes - 68g - 1604 - 8838249382215,8838249382215,€0.89,Cup Nouilles Sans Colorant Légumes - 68g,30/10/2024,1,€3.55,Épicerie salée,€1.77,Conserves/bocaux et plats cuisinés,Plats préparés,107,2024-01-09 20:29
3770000507140 - Id Bio - Badiane entière bio - 15g - 144 - 8421110317383,8421110317383,€1.13,Badiane entière bio - 15g,1/3/2027,30,€5.18,Épicerie salée,€3.63,Épices et condiments,Épices et aromates,30,2025-02-02 12:14
3770000505528 - Id Bio - Mélange pour paëlla en poudre bio - 40g - 3284 - 8421110088007,8421110088007,€0.98,Mélange pour paëlla en poudre bio - 40g,28/2/2027,75,€3.41,Épicerie salée,€2.90,Épices et condiments,Épices et aromates,21,2025-02-22 18:29
4062300260023 - Hipp - Une assiette pâtes alphabet à la bolognaise bio - 230g - 5501 - 7549590733055,7549590733055,€0.62,Une assiette pâtes alphabet à la bolognaise bio - 230g,4/9/2025,181,€2.59,Bébé,€1.94,Alimentation bébé,Petits pots et repas,59,2025-03-06 18:24
3423720002357 - Bio Soleil - Fondant Au Chocolat bio - 250g - 2046 - 7549597679871,7549597679871,€2.04,Fondant Au Chocolat bio - 250g,11/5/2025,76,€6.95,Épicerie sucrée,€5.91,Biscuits et gâteaux,Moelleux et gâteaux,31,2024-02-01 18:44
3263670290110 - Connétable - Rillettes de maquereaux aux poivrons et aromates - 80g - 4355 - 8841642508615,8841642508615,€0.70,Rillettes de maquereaux aux poivrons et aromates - 80g,24/9/2028,1425,€2.00,Épicerie salée,€1.80,Conserves/bocaux et plats cuisinés,Produits de la mer,414,2024-01-02 12:00
3760325480594 - Omie - Sauce salsa/tomates de marmande bio - 200g - 4623 - 8864352207175,8864352207175,€0.74,Sauce salsa/tomates de marmande bio - 200g,31/7/2025,230,€3.20,Épicerie salée,€2.24,Apéritifs,Tartinades,149,2025-01-01 18:03
3770000506938 - Id Bio - Baies roses entières bio - 20g - 153 - 7972021895423,7972021895423,,Baies roses entières bio - 20g,30/6/2028,78,€4.99,Épicerie salée,€4.24,Épices et condiments,Épices et aromates,22,2024-07-18 11:25
5060229014535 - Pukka - Thé vert matcha ginseng bio - 20 Infusettes - 5370 - 7549554458879,7549554458879,€1.13,Thé vert matcha ginseng bio - 20 Infusettes,31/3/2025,25,€5.49,Boissons,€2.75,Boissons chaudes,Thés et matés,35,2025-04-14 16:19
3760303552589 - Apo - Lait démaquillant solide - 40g - 2911 - 7953846927615,7953846927615,€1.84,Lait démaquillant solide - 40g,,378,€9.90,Hygiène et santé,€4.46,Visage,Nettoyants et démaquillants,69,2024-08-30 16:15
3770000505269 - Id Bio - Coriandre en graine bio - 30g - 1296 - 7972021993727,7972021993727,€0.90,Coriandre en graine bio - 30g,30/5/2027,119,€3.05,Épicerie salée,€2.29,Épices et condiments,Épices et aromates,18,2024-01-07 20:57
3700749306216 - Infusion - Thé glacé noir pêche bio - 33cl - 5308 - 7898202538239,7898202538239,€0.50,Thé glacé noir pêche bio - 33cl,14/5/2025,31,€2.00,Boissons,€1.50,Sirop/thés glacés/sodas,Thés et infusions glacées,95,2024-01-23 19:04
3264963012297 - Limited Edition - Coquillettes au blé complet - 500g - 1280 - 8500980580679,8500980580679,,Coquillettes au blé complet - 500g,19/7/2026,0,€2.45,Épicerie salée,€2.21,Pâtes/riz et légumineuses,Pâtes,263,2024-11-23 15:53
3489940249347 - Cosmo Naturel - Baume capillaire fortifiant cheveux normaux bio - 200ml - 242 - 9057986281799,9057986281799,€2.46,Baume capillaire fortifiant cheveux normaux bio - 200ml,,10,€9.85,Hygiène et santé,€7.39,Cheveux,Masques et soins,3,2025-02-07 02:13
3380380096723 - Douce Nature - Déo baume fleurs d'oranger bio - 50g - 1707 - 8890827702599,8890827702599,€2.44,Déo baume fleurs d'oranger bio - 50g,,15,€8.12,Hygiène et santé,€6.50,Corps,Déodorants,77,2024-06-02 11:48
5060229013712 - Pukka - Infusion au féminin bio - 20 infusettes - 2689 - 7616713392383,7616713392383,€1.26,Infusion au féminin bio - 20 infusettes,31/3/2027,22,€4.65,Boissons,€3.72,Boissons chaudes,Infusions et tisanes,95,2024-11-27 21:10
3229820790398 - Tanoshi - Sauce rouleaux de printemps - 250ml - 4619 - 8949485896007,8949485896007,€0.66,Sauce rouleaux de printemps - 250ml,28/8/2025,37,€2.78,Épicerie salée,€2.08,Sauces,Cuisine du monde,54,2023-12-31 16:01
3417960022664 - Cook - Estragon feuilles bio - 15g - 1875 - 7549508583679,7549508583679,€1.10,Estragon feuilles bio - 15g,31/12/2025,71,€3.65,Épicerie salée,€2.56,Épices et condiments,Épices et aromates,27,2024-04-13 14:09
3770000505320 - Id Bio - Fenugrec en poudre bio - 40g - 1945 - 8421110481223,8421110481223,€0.76,Fenugrec en poudre bio - 40g,31/7/2027,89,€3.18,Épicerie salée,€2.39,Épices et condiments,Épices et aromates,14,2024-03-28 19:31
3464660003738 - Pur Aloe - Gel coiffant fixation forte - 150ml - 2154 - 8364510282055,8364510282055,€4.04,Gel coiffant fixation forte - 150ml,30/6/2025,54,€12.70,Hygiène et santé,€9.53,Cheveux,Masques et soins,37,2024-05-01 21:03
3537090018006 - Centifolia - Mousse lavante kids à l'abricot - 200ml - 3435 - 8917802877255,8917802877255,€2.70,Mousse lavante kids à l'abricot - 200ml,24/12/2024,39,€10.80,Hygiène et santé,€5.40,Corps,Gels douche et savons liquides,28,2024-11-04 22:23
3760001763966 - Tidoo - Crème à la fleur d'oranger bio - 100ml - 1428 - 8425506406727,8425506406727,€1.50,Crème à la fleur d'oranger bio - 100ml,,97,€5.90,Bébé,€4.13,Hygiène bébé,Bain et soin,15,2025-02-02 19:18
3770000508116 - Id Bio - Fenugrec en graine bio - 40g - 1944 - 7972022157567,7972022157567,€1.00,Fenugrec en graine bio - 40g,31/7/2027,80,€3.44,Épicerie salée,€2.75,Épices et condiments,Épices et aromates,17,2024-04-26 17:59
"3380390175531 - Priméal - Spaghetti blé et quinoa, ail et persil bio - 500g - 5027 - 8500978254151",8500978254151,€1.16,"Spaghetti blé et quinoa, ail et persil bio - 500g",7/1/2027,130,€3.99,Épicerie salée,€3.39,Pâtes/riz et légumineuses,Pâtes,50,2025-03-31 22:55
3770000505252 - Id Bio - Clou de Girofle bio - 30g - 1083 - 7972021960959,7972021960959,€1.25,Clou de Girofle bio - 30g,30/5/2027,102,€4.11,Épicerie salée,€3.70,Épices et condiments,Épices et aromates,12,2025-02-03 22:35
3229820791265 - Tanoshi - Galettes de riz - 100g - 2104 - 8949485863239,8949485863239,€1.00,Galettes de riz - 100g,26/2/2026,109,€3.35,Épicerie salée,€3.02,Conserves/bocaux et plats cuisinés,Plats préparés,33,2024-01-10 19:46
3175681281967 - Gerblé - Biscuits fourrés cacao-noisettes sans sucres ajoutés - 180g - 457 - 8629138424135,8629138424135,€1.60,Biscuits fourrés cacao-noisettes sans sucres ajoutés - 180g,17/4/2025,158,€4.85,Épicerie sucrée,€2.42,Biscuits et gâteaux,Biscuits au chocolat,76,2025-02-06 16:25
871561004383 - Touch Organic - Thé vert Gunpowder bio - 250g - 5363 - 8465731879239,8465731879239,€2.24,Thé vert Gunpowder bio - 250g,2/6/2027,212,€10.18,Boissons,€7.13,Boissons chaudes,Thés et matés,28,2025-01-31 11:28
3760308961195 - Biodyssée - Coriandre en graine bio - 27g - 1295 - 8925315858759,8925315858759,€0.49,Coriandre en graine bio - 27g,30/9/2025,142,€1.81,Épicerie salée,€1.27,Épices et condiments,Épices et aromates,63,2024-01-13 21:44
3538395474009 - Etamine du Lys - Désodorisant apaisant - 125ml - 1749 - 8841641984327,8841641984327,€2.73,Désodorisant apaisant - 125ml,,10,€9.10,Maison,€8.19,Entretien et ménage,Parfums et désodorisants,12,2024-06-16 11:45
3770000507171 - Id Bio - Aneth en flocon bio - 20g - 75 - 7972022550783,7972022550783,€1.32,Aneth en flocon bio - 20g,31/3/2027,6,€3.62,Épicerie salée,€3.26,Épices et condiments,Épices et aromates,31,2024-01-07 20:57
3770000505481 - Id Bio - Curry pour Poisson en poudre - 40g - 1627 - 8416730448199,8416730448199,€1.07,Curry pour Poisson en poudre - 40g,28/2/2025,9,€3.30,Épicerie salée,€2.31,Épices et condiments,Épices et aromates,12,2025-02-05 09:06
3760349450214 - BabyJU - Liniment oléo-calcaire - 500ml - 3055 - 8904311898439,8904311898439,€2.97,Liniment oléo-calcaire - 500ml,,75,€9.90,Bébé,€7.92,Hygiène bébé,Bain et soin,10,2024-04-29 10:44
3264221618476 - Embal'Froid - Sac de congélation avec zip - 30x40cm - x15 - 4510 - 7660526928127,7660526928127,€0.94,Sac de congélation avec zip - 30x40cm - x15,,72,€3.45,Maison,€2.24,Accessoires ménagers,Cuisson/ emballage/ conservation,104,2024-04-10 21:43
8052877760138 - Caffé Testa - Café moulu espresso Italien Dark - 250 g - 719 - 7638773629183,7638773629183,€1.29,Café moulu espresso Italien Dark - 250 g,15/10/2026,5527,€4.50,Boissons,€3.60,Boissons chaudes,Cafés et chicorées,105,2025-03-19 17:56
3770000505559 - Id Bio - Mélange Tandoori en poudre bio - 40g - 3295 - 8416730546503,8416730546503,€1.22,Mélange Tandoori en poudre bio - 40g,1/11/2027,136,€3.78,Épicerie salée,€3.40,Épices et condiments,Épices et aromates,9,2024-06-05 18:04
3175681268203 - Gerlinéa - Moelleux chocolat sarrasin - 138g - 3417 - 8933962056007,8933962056007,€1.12,Moelleux chocolat sarrasin - 138g,30/4/2025,184,€3.39,Épicerie sucrée,€3.05,Biscuits et gâteaux,Moelleux et gâteaux,72,2024-01-29 19:06
3770006030628 - Terra Cérès - Gâteau au citron sans gluten bio - 170g - 2129 - 8829085024583,8829085024583,€1.70,Gâteau au citron sans gluten bio - 170g,30/4/2025,121,€5.00,Épicerie sucrée,€5.00,Biscuits et gâteaux,Moelleux et gâteaux,58,2024-04-01 23:33
5060229013743 - Pukka - Infusion chai à la vanille bio - 20 sachets - 2702 - 8869784191303,8869784191303,€1.59,Infusion chai à la vanille bio - 20 sachets,30/5/2027,101,€4.48,Boissons,€3.58,Boissons chaudes,Infusions et tisanes,15,2023-12-18 22:19
3464660000768 - Pur Aloe - Gel externe 98% aloe vera bio - 125ml - 2216 - 8925316743495,8925316743495,€2.77,Gel externe 98% aloe vera bio - 125ml,31/5/2025,39,€9.22,Hygiène et santé,€7.84,Corps,Crèmes/ soins/ exfoliants,15,2024-09-01 16:29
3229820794723 - Tanoshi - Ramen au poulet Teriyaki - 360g - 4298 - 8357840388423,8357840388423,€1.11,Ramen au poulet Teriyaki - 360g,18/7/2025,143,€3.69,Épicerie salée,€3.32,Conserves/bocaux et plats cuisinés,Plats préparés,37,2025-02-26 18:52
3229820181363 - Tanoshi - Ramen soja caramel - 360g - 4302 - 7912437022975,7912437022975,€1.09,Ramen soja caramel - 360g,15/7/2025,114,€3.65,Épicerie salée,€3.29,Pâtes/riz et légumineuses,Pâtes,78,2023-05-07 14:53
3264221620141 - Embal'Sac - Sacs poubelle 50L aux liens coulissants - 10 unités - 4531 - 8410290684231,8410290684231,€0.59,Sacs poubelle 50L aux liens coulissants - 10 unités,,283,€5.60,Maison,€4.48,Accessoires ménagers,Sacs poubelles,258,2024-07-01 22:10
3770000508062 - Id Bio - Mélange d'épices pour Poisson bio - 30g - 3253 - 8416730284359,8416730284359,€1.21,Mélange d'épices pour Poisson bio - 30g,31/12/2026,50,€4.06,Épicerie salée,€3.65,Épices et condiments,Épices et aromates,22,2025-02-01 17:26
3760308961508 - Biodyssée - Flacon de sel fin bio - 250g - 1995 - 8925315301703,8925315301703,€0.98,Flacon de sel fin bio - 250g,30/12/2031,71,€3.25,Épicerie salée,€2.44,Épices et condiments,Épices et aromates,215,2024-01-03 22:09
3380390900898 - Écodoo - Spray Anti-Acarien - 300ml - 5060 - 8890826850631,8890826850631,€2.77,Spray Anti-Acarien - 300ml,14/11/2026,11,€10.24,Maison,€8.19,Accessoires ménagers,Insecticides,36,2025-01-07 17:03
4062300381414 - Hipp - Poêlée de légumes et semoule dès 6 mois bio - 2x190g - 12 - 7549591421183,7549591421183,€0.89,Poêlée de légumes et semoule dès 6 mois bio - 2x190g,30/3/2025,117,€3.88,Bébé,€1.94,Alimentation bébé,Petits pots et repas,54,2025-02-03 14:19
3770000505917 - Id Bio - Romarin en flocon bio - 30g - 4464 - 7972022812927,7972022812927,€1.19,Romarin en flocon bio - 30g,30/4/2025,10,€3.08,Épicerie salée,€2.31,Épices et condiments,Épices et aromates,11,2024-07-04 14:02
3760001768060 - Tidoo - Gel Lavant à l'extrait d'abricot bio - 500ml - 2225 - 8933328486727,8933328486727,€2.21,Gel Lavant à l'extrait d'abricot bio - 500ml,,42,€8.50,Bébé,€5.53,Hygiène bébé,Bain et soin,16,2024-02-24 16:06
3760075071783 - Alphanova - Spray voyage SPF30 bio - 90g - 5102 - 8450635661639,8450635661639,€3.19,Spray voyage SPF30 bio - 90g,,14,€13.90,Hygiène et santé,€11.12,Corps,Solaire,4,2025-03-01 11:50
3229820791081 - Bjorg - Gaufres au miel bio - 175g - 2138 - 7580922544383,7580922544383,€0.73,Gaufres au miel bio - 175g,9/5/2025,267,€2.43,Épicerie sucrée,€2.19,Biscuits et gâteaux,Biscuits nature et fruit,330,2023-08-11 15:37
3396411247071 - Evernat - Biscuits Ronds Coeur Choco bio - 168g - 486 - 7948679545087,7948679545087,€0.92,Biscuits Ronds Coeur Choco bio - 168g,28/5/2025,752,€3.39,Épicerie sucrée,€2.03,Biscuits et gâteaux,Biscuits au chocolat,212,2025-02-26 08:36
3760308961027 - Biodyssée - Cannelle moulue bio - 110g - 761 - 8925317824839,8925317824839,€1.67,Cannelle moulue bio - 110g,30/4/2025,147,€5.65,Épicerie salée,€4.24,Épices et condiments,Épices et aromates,60,2024-05-07 11:00
3538396155204 - Coslys - Lotion poux et lentes étape 1 - 100ml - 3113 - 8378821148999,8378821148999,€3.09,Lotion poux et lentes étape 1 - 100ml,30/4/2025,8,€11.45,Hygiène et santé,€8.02,Cheveux,Masques et soins,1,2025-02-16 22:31
3229820802749 - Bjorg - Mini choc'o lait Les P'tits curieux bio - 168g - 3369 - 7912436695295,7912436695295,€0.90,Mini choc'o lait Les P'tits curieux bio - 168g,28/5/2025,989,€2.99,Épicerie sucrée,€2.39,Biscuits et gâteaux,Biscuits au chocolat,119,2025-02-26 13:42
3380380048098 - Douce Nature - Déodorant homme spray - 125ml - 1727 - 8891982348615,8891982348615,€2.95,Déodorant homme spray - 125ml,,74,€9.84,Hygiène et santé,€8.36,Corps,Déodorants,33,2025-02-07 07:58
3538396125702 - Coslys - Éco-recharge gel douche à la figue bio - 1L - 1822 - 9002932306247,9002932306247,€3.75,Éco-recharge gel douche à la figue bio - 1L,,26,€13.90,Hygiène et santé,€10.43,Corps,Gels douche et savons liquides,28,2024-02-11 22:36
4062300250840 - Hipp - Assiette cannelloni aux légumes bio - 250g - 127 - 7549591093503,7549591093503,€0.84,Assiette cannelloni aux légumes bio - 250g,22/4/2025,19,€3.49,Bébé,€2.62,Alimentation bébé,Petits pots et repas,29,2025-03-10 20:59
3770006030222 - Terra Cérès - Gâteau au pain d'épices sans gluten bio - 30g - 2130 - 8433378558279,8433378558279,€0.28,Gâteau au pain d'épices sans gluten bio - 30g,31/3/2025,61,€1.90,Épicerie sucrée,€0.95,Biscuits et gâteaux,Moelleux et gâteaux,201,2023-08-12 22:47
3489940249446 - Cosmo Naturel - Gel douche relaxant verveine exotique bio - 200ml - 2205 - 9052892004679,9052892004679,€1.48,Gel douche relaxant verveine exotique bio - 200ml,,17,€5.90,Hygiène et santé,€4.72,Corps,Gels douche et savons liquides,5,2025-02-01 11:15
3770000508109 - Id Bio - Fenouil en graines bio - 40g - 1942 - 8416730841415,8416730841415,€0.82,Fenouil en graines bio - 40g,30/5/2027,122,€3.30,Épicerie salée,€2.31,Épices et condiments,Épices et aromates,18,2024-02-19 14:09
3700260700876 - Petit Pierre - Filet de harengs doux aux zestes de citron et poivre fumé - 190g - 1963 - 7951793357055,7951793357055,€0.79,Filet de harengs doux aux zestes de citron et poivre fumé - 190g,2/6/2025,207,€2.81,Épicerie salée,€2.39,Conserves/bocaux et plats cuisinés,Produits de la mer,308,2025-01-12 13:53
3770000505894 - Id Bio - Thym en flocon bio - 25g - 5399 - 7972022845695,7972022845695,€1.05,Thym en flocon bio - 25g,31/10/2027,253,€3.39,Épicerie salée,€3.05,Épices et condiments,Épices et aromates,14,2024-02-01 18:04
3770006030215 - Happy Go - Brownie au chocolat et noisettes sans gluten bio - 30g - 652 - 8432116924743,8432116924743,€0.37,Brownie au chocolat et noisettes sans gluten bio - 30g,1/5/2025,26,€1.10,Épicerie sucrée,€0.99,Biscuits et gâteaux,Biscuits au chocolat,149,2024-01-29 19:06
3760308961171 - Biodyssée - Cardamome en graines concassées bio - 60g - 775 - 8925315891527,8925315891527,€4.43,Cardamome en graines concassées bio - 60g,30/11/2024,63,€14.76,Épicerie salée,€7.38,Épices et condiments,Épices et aromates,12,2025-02-16 18:21
3770006030352 - Terra Cérès - Moelleux à l'amande et au sarrasin sans gluten bio - 145g - 3414 - 8433378328903,8433378328903,€1.65,Moelleux à l'amande et au sarrasin sans gluten bio - 145g,30/5/2025,189,€5.00,Épicerie sucrée,€4.50,Biscuits et gâteaux,Moelleux et gâteaux,61,2024-01-18 15:25
3229820798028 - Bjorg - Dofu Pavé de sésame - 2x100g - 1777 - 8917058453831,8917058453831,€1.07,Dofu Pavé de sésame - 2x100g,19/4/2025,201,€5.37,Épicerie salée,€2.69,Conserves/bocaux et plats cuisinés,Plats préparés,167,2024-03-06 09:27
3770000505993 - Id Bio - Basilic bio - 15g - 227 - 7972022583551,7972022583551,€1.06,Basilic bio - 15g,,291,€3.12,Épicerie salée,€2.50,Épices et condiments,Épices et aromates,56,2024-08-31 06:41
7629999441385 - Gummiio - Gummies enfants - 60 gélules - 2451 - 8917802975559,8917802975559,€4.06,Gummies enfants - 60 gélules,30/5/2024,5,€28.00,Hygiène et santé,€14.00,Santé,Compléments alimentaires,13,2024-09-11 21:39
3770000505368 - Id Bio - Muscade en poudre bio - 30g - 3524 - 8416730513735,8416730513735,€1.26,Muscade en poudre bio - 30g,30/1/2027,459,€3.97,Épicerie salée,€3.57,Épices et condiments,Épices et aromates,14,2024-01-13 21:44
4046871009823 - Bel Baby - Cotons-tiges bébé en papier - x60 - 1325 - 7867852390655,7867852390655,€0.46,Cotons-tiges bébé en papier - x60,,90,€2.00,Bébé,€1.60,Hygiène bébé,Bain et soin,28,2024-05-07 22:17
3489940460124 - Dermatherm - Eau micellaire purifiante bio - 150ml - 1810 - 9057987068231,9057987068231,€4.37,Eau micellaire purifiante bio - 150ml,,23,€19.00,Hygiène et santé,€13.30,Visage,Nettoyants et démaquillants,1,2025-02-12 21:21
3770000505344 - Id Bio - Graines de moutarde jaune - 40g - 2384 - 8416730579271,8416730579271,€0.99,Graines de moutarde jaune - 40g,30/3/2027,35,€3.20,Épicerie salée,€2.24,Épices et condiments,Épices et aromates,26,2024-03-06 09:03
7616500927827 - Café Royal - Café Royal Cannelle 4/10 - 10 capsules - 735 - 8731837989191,8731837989191,€1.16,Café Royal Cannelle 4/10 - 10 capsules,31/3/2025,4,€3.50,Boissons,€1.75,Boissons chaudes,Cafés et chicorées,42,2025-02-02 14:57
3770000505498 - Id Bio - Curry en poudre pour Poulet bio - 40g - 1622 - 8421110120775,8421110120775,€1.00,Curry en poudre pour Poulet bio - 40g,26/2/2027,148,€3.42,Épicerie salée,€2.91,Épices et condiments,Épices et aromates,31,2025-02-02 16:45
3464660002038 - Pur Aloe - Shampoing traitant 70% bio - 250ml - 4895 - 8925317169479,8925317169479,€2.96,Shampoing traitant 70% bio - 250ml,30/6/2025,50,€10.95,Hygiène et santé,€8.21,Cheveux,Shampoings liquides,33,2025-02-01 22:51
3760075070991 - Alphanova - Huile sèche scintillante bio - 125ml - 2644 - 8450635563335,8450635563335,€2.43,Huile sèche scintillante bio - 125ml,,39,€9.99,Hygiène et santé,€6.49,Corps,Solaire,11,2025-03-02 11:42
3700756607504 - Zao - Base de teint matifiante et lissante Prim' Soft 750 bio - 30ml - 5608 - 9094583124295,9094583124295,€9.23,Base de teint matifiante et lissante Prim' Soft 750 bio - 30ml,,6,€36.90,Hygiène et santé,€18.45,Corps,Maquillage et parfums,11,2024-12-11 11:18
3700756607009 - Zao - Base Prim'Light 700 bio - 30ml - 5610 - 9094583058759,9094583058759,€8.48,Base Prim'Light 700 bio - 30ml,,20,€33.90,Hygiène et santé,€13.56,Corps,Maquillage et parfums,6,2024-12-11 11:18
3700756606965 - Zao - Voile scintillant format voyage bio - 30ml - 7276 - 9094583451975,9094583451975,€6.73,Voile scintillant format voyage bio - 30ml,,16,€26.90,Hygiène et santé,€13.46,Corps,Maquillage et parfums,2,2025-02-26 22:52
3700756608129 - Zao - Soin de teint 812 beige crème bio - 30ml - 7188 - 9094583189831,9094583189831,€8.75,Soin de teint 812 beige crème bio - 30ml,,20,€35.00,Hygiène et santé,€14.00,Corps,Maquillage et parfums,5,2025-03-15 11:12
3700756602080 - Zao - Ombre à paupières mat 208 Nude bio - 3g - 7050 - 9101305905479,9101305905479,€3.98,Ombre à paupières mat 208 Nude bio - 3g,,16,€15.90,Hygiène et santé,€8.75,Corps,Maquillage et parfums,6,2025-03-14 09:28
3700756607511 - Zao - Base Prim'Hydra 751 bio - 30ml - 5609 - 9094582960455,9094582960455,€9.23,Base Prim'Hydra 751 bio - 30ml,,18,€36.90,Hygiène et santé,€18.45,Corps,Maquillage et parfums,6,2025-02-25 10:48
3700756602066 - Zao - Ombre à paupières mat 206 noir bio - 3g - 7049 - 9094583517511,9094583517511,€3.98,Ombre à paupières mat 206 noir bio - 3g,,20,€15.90,Hygiène et santé,€6.36,Corps,Maquillage et parfums,3,2025-03-14 08:37
3700756602042 - Zao - Ombre à paupières mat 204 vieux rose doré bio - 3g - 7048 - 9094583157063,9094583157063,€3.98,Ombre à paupières mat 204 vieux rose doré bio - 3g,,8,€15.90,Hygiène et santé,€8.75,Corps,Maquillage et parfums,8,2025-02-23 13:37
3760362700792 - Happy Go - Gâteau orange douce sans gluten bio - 70g - 6906 - 9106528633159,9106528633159,€0.70,Gâteau orange douce sans gluten bio - 70g,21/6/2025,152,€2.35,Épicerie sucrée,€2.12,Biscuits et gâteaux,Moelleux et gâteaux,58,2024-06-25 09:36
3263670041453 - Phare D'Eckmühl - Thon blanc germon à l'huile d'olive bio - 160g - 7249 - 9106529091911,9106529091911,€2.15,Thon blanc germon à l'huile d'olive bio - 160g,30/12/2028,54,€7.15,Épicerie salée,€5.72,Conserves/bocaux et plats cuisinés,Produits de la mer,96,2024-06-02 11:48
8713576162059 - Terrasana - Tubi's Réglisse sucré - 100g - 7267 - 9106529190215,9106529190215,€0.96,Tubi's Réglisse sucré - 100g,15/5/2025,11,€3.20,Épicerie sucrée,€2.72,Chocolat et confiseries,Confiseries et chewing-gum,65,2024-06-01 09:55
3760308960112 - Biodyssée - Thé glacé au citron bio - 33cl - 7223 - 9106529255751,9106529255751,€0.69,Thé glacé au citron bio - 33cl,7/8/2025,49,€2.30,Boissons,€1.84,Sirop/thés glacés/sodas,Thés et infusions glacées,43,2024-05-05 10:52
4018874041032 - Aries - Insecticide tous insectes action foudroyante - 200ml - 6959 - 9106529288519,9106529288519,€4.95,Insecticide tous insectes action foudroyante - 200ml,30/4/2028,15,€14.65,Hygiène et santé,€10.26,Accessoires ménagers,Insecticides,14,2024-07-17 22:47
3365620161119 - Jacques Gonidec - Thon Albacore au naturel - 160g - 7248 - 9109790884167,9109790884167,€1.70,Thon Albacore au naturel - 160g,27/4/2027,55,€5.65,Épicerie salée,€4.52,Conserves/bocaux et plats cuisinés,Produits de la mer,92,2024-04-19 15:45
3582810364925 - Les Jardins De Gaïa - Thé vert gunpowder bio - 100g - 7241 - 9109790949703,9109790949703,€2.28,Thé vert gunpowder bio - 100g,30/12/2026,25,€7.60,Boissons,€6.08,Boissons chaudes,Thés et matés,18,2024-09-01 16:29
3582811768524 - Les Jardins De Gaïa - Thé vert citron bio - 100g - 7234 - 9109791015239,9109791015239,€2.34,Thé vert citron bio - 100g,31/1/2026,18,€7.80,Boissons,€6.24,Boissons chaudes,Thés et matés,19,2024-09-05 12:04
3700931400357 - Mon Petit Lait de Soja - Shampooing douche peau sensible au sapin blanc bio - 250ml - 7175 - 9109791179079,9109791179079,€1.26,Shampooing douche peau sensible au sapin blanc bio - 250ml,,28,€5.81,Hygiène et santé,€4.36,Corps,Gels douche et savons liquides,13,2025-02-18 10:54
3700749307015 - Tensai Tea - Thé noir au gingembre bio - 33cl - 7227 - 9109791244615,9109791244615,€0.70,Thé noir au gingembre bio - 33cl,20/12/2025,40,€2.32,Boissons,€1.86,Sirop/thés glacés/sodas,Thés et infusions glacées,66,2024-05-01 17:42
4021457648474 - Lavera - Gel douche Basis Sensitiv 2 en 1 corps et cheveux bio - 250ml - 6908 - 9109791736135,9109791736135,€1.92,Gel douche Basis Sensitiv 2 en 1 corps et cheveux bio - 250ml,31/1/2026,82,€6.40,Hygiène et santé,€4.80,Corps,Gels douche et savons liquides,20,2025-02-08 09:34
3760308960075 - Biodyssée - Thé glacé pêche bio - 50cl - 7226 - 9109791834439,9109791834439,€0.56,Thé glacé pêche bio - 50cl,8/12/2025,72,€1.87,Boissons,€1.22,Sirop/thés glacés/sodas,Thés et infusions glacées,123,2024-05-05 10:52
3760260950121 - Brasserie de la Lune - Bière blonde lager bio - 75cl - 5615 - 9109792063815,9109792063815,€2.13,Bière blonde lager bio - 75cl,31/1/2026,68,€7.10,Boissons,€6.39,Boissons alcoolisées,Bières,10,2024-06-14 11:23
3760308960099 - Biodyssée - Thé glacé pêche bio - 33cl - 7225 - 9109792129351,9109792129351,€0.69,Thé glacé pêche bio - 33cl,7/8/2025,60,€2.30,Boissons,€1.61,Sirop/thés glacés/sodas,Thés et infusions glacées,58,2024-05-30 19:10
3770015411050 - Mutyne - Spray anticalcaire cuisine et bain - 750ml - 7194 - 9109792424263,9109792424263,€1.38,Spray anticalcaire cuisine et bain - 750ml,,2,€4.59,Maison,€4.13,Entretien et ménage,Nettoyants surface et sol,78,2024-10-31 23:24
3760308960143 - Biodyssée - Thé glacé au citron bio - 1l - 7222 - 9109792620871,9109792620871,€0.99,Thé glacé au citron bio - 1l,16/3/2025,117,€3.30,Boissons,€1.65,Sirop/thés glacés/sodas,Thés et infusions glacées,256,2024-08-02 14:10
3760052230820 - Karine & Jeff - Soupe fraîche de tomate et concombre à la menthe bio - 250ml - 7192 - 9109792751943,9109792751943,€1.28,Soupe fraîche de tomate et concombre à la menthe bio - 250ml,31/5/2026,16,€4.28,Épicerie salée,€3.64,Conserves/bocaux et plats cuisinés,Soupes,38,2024-04-08 13:08
3760052230806 - Karine & Jeff - Gaspacho bio - 25cl - 6905 - 9109792784711,9109792784711,€1.39,Gaspacho bio - 25cl,30/9/2026,59,€4.62,Épicerie salée,€3.70,Conserves/bocaux et plats cuisinés,Soupes et veloutés,46,2024-04-29 15:03
3760308960334 - Biodyssée - Romarin en flocon bio - 25g - 7133 - 9109793046855,9109793046855,€0.47,Romarin en flocon bio - 25g,,208,€1.85,Épicerie salée,€1.39,Épices et condiments,Épices et aromates,77,2024-09-08 14:06
3335880007922 - Prosain - Pur jus 5 superfruits bio - 50cl - 7102 - 9109793276231,9109793276231,€2.36,Pur jus 5 superfruits bio - 50cl,12/7/2026,55,€7.85,Boissons,€6.28,Jus et boissons végétales,Jus de fruits,20,2024-05-01 17:42
3770006357084 - Caliquo - Brosse à dents bio plastique rechargeable vert medium - 5637 - 9109794292039,9109794292039,€0.89,Brosse à dents bio plastique rechargeable vert medium,,30,€2.95,Hygiène et santé,€1.77,Dentaire,Brosses à dent,35,2024-09-08 14:06
4018874011592 - Aries - Baume famille répulsif cutané bio - 50ml - 5612 - 9114281148743,9114281148743,€4.05,Baume famille répulsif cutané bio - 50ml,28/3/2025,84,€13.50,Maison,€6.75,Accessoires ménagers,Parapharmacie,38,2024-06-03 11:25
3760308961539 - Biodyssée - Cristaux de sel des Pyrénées bio - 500g - 6849 - 9114281279815,9114281279815,€0.99,Cristaux de sel des Pyrénées bio - 500g,31/12/2033,40,€3.30,Épicerie salée,€2.64,Épices et condiments,Épices et aromates,107,2024-04-01 23:33
3770015013964 - Biodyssée - Clou de girofle entier au moulin bio - 35g - 5671 - 9114281476423,9114281476423,€1.02,Clou de girofle entier au moulin bio - 35g,1/6/2025,42,€3.40,Épicerie salée,€2.38,Épices et condiments,Épices et aromates,46,2024-04-03 18:03
3760308961041 - Biodyssée - Thé vert Genmaicha du Japon bio - 1kg - 7240 - 9114281967943,9114281967943,€14.91,Thé vert Genmaicha du Japon bio - 1kg,30/9/2026,21,€51.90,Boissons,€33.74,Boissons chaudes,Thés et matés,19,2024-09-08 15:51
3770015013223 - Biodyssée - Infusettes de thé noir earl grey de Ceylan bio - x20 - 6934 - 9114282393927,9114282393927,€0.90,Infusettes de thé noir earl grey de Ceylan bio - x20,31/1/2026,107,€3.00,Boissons,€2.55,Boissons chaudes,Thés et matés,76,2024-04-10 19:24
3274490970458 - Meneau - Sirop au fruit de la passion bio - 50cl - 7176 - 9114282918215,9114282918215,€2.10,Sirop au fruit de la passion bio - 50cl,31/7/2026,12,€7.00,Boissons,€5.25,Sirop/thés glacés/sodas,Sirops,85,2024-03-22 11:48
3274490971097 - Meneau - Sirop de pamplemousse bio - 50cl - 7185 - 9114283114823,9114283114823,€2.28,Sirop de pamplemousse bio - 50cl,25/5/2026,60,€7.60,Boissons,€5.32,Sirop/thés glacés/sodas,Sirops,31,2024-04-17 13:22
3274490970229 - Meneau - Sirop de citron bio - 50cl - 7180 - 9114283180359,9114283180359,€2.07,Sirop de citron bio - 50cl,12/10/2026,66,€6.90,Boissons,€5.18,Sirop/thés glacés/sodas,Sirops,28,2024-03-29 15:37
3274490972360 - Meneau - Sirop de menthe glaciale bio - 50cl - 7183 - 9114283311431,9114283311431,€2.10,Sirop de menthe glaciale bio - 50cl,17/8/2026,66,€7.00,Boissons,€4.90,Sirop/thés glacés/sodas,Sirops,47,2024-05-05 19:35
3274490971042 - Meneau - Sirop de cola bio - 50cl - 7181 - 9114283344199,9114283344199,€2.07,Sirop de cola bio - 50cl,28/2/2027,40,€6.90,Boissons,€5.18,Sirop/thés glacés/sodas,Sirops,76,2024-03-22 11:48
"3489940049213 - Cosmo Naturel - Shampoing antipelliculaire cade, sauge et rhassoul bio - 500ml - 7162 - 9114283442503",9114283442503,€3.15,"Shampoing antipelliculaire cade, sauge et rhassoul bio - 500ml",,33,€10.50,Hygiène et santé,€9.45,Cheveux,Shampoings liquides,41,2024-06-05 22:16
3274490970281 - Meneau - Sirop d'anis bio - 50cl - 7177 - 9114283508039,9114283508039,€2.28,Sirop d'anis bio - 50cl,18/10/2025,5,€7.60,Boissons,€6.46,Sirop/thés glacés/sodas,Sirops,15,2024-03-22 11:48
3274490970250 - Meneau - Sirop d'hibiscus bio - 50cl - 7178 - 9114283704647,9114283704647,€2.70,Sirop d'hibiscus bio - 50cl,2/8/2026,103,€9.00,Boissons,€6.30,Sirop/thés glacés/sodas,Sirops,61,2024-03-22 11:48
3464660002496 - Pur Aloe - Jus à boire aloe vera bio - 50cl - 6960 - 9114284491079,9114284491079,€3.44,Jus à boire aloe vera bio - 50cl,31/1/2027,15,€11.48,Hygiène et santé,€9.18,Santé,Compléments alimentaires,14,2025-02-05 21:37
3515457239936 - BioConseils - Infusion circulation bio - 20 sachets - 6944 - 9114284556615,9114284556615,€1.47,Infusion circulation bio - 20 sachets,25/8/2025,8,€4.90,Boissons,€3.43,Boissons chaudes,Infusions et tisanes,50,2024-07-18 17:40
3380380068157 - Douce Nature - Pompe gel douche pour flacon 1L - x1 - 7082 - 9114285343047,9114285343047,€0.45,Pompe gel douche pour flacon 1L - x1,,113,€1.50,Hygiène et santé,€0.68,Corps,DIY,26,2024-09-19 10:12
4018874010595 - Aries - Fluide anti-moustique répulsif cutané bio - 30ml - 6895 - 9114285605191,9114285605191,€3.18,Fluide anti-moustique répulsif cutané bio - 30ml,31/3/2025,54,€10.60,Maison,€5.30,Accessoires ménagers,Parapharmacie,29,2024-05-18 19:10
4018874023106 - Aries - Pièges pour mites alimentaires - x3 - 7073 - 9114285670727,9114285670727,,Pièges pour mites alimentaires - x3,31/10/2025,0,€6.47,Maison,€5.82,Accessoires ménagers,Insecticides,42,2024-09-08 11:50
3088549553789 - Terre de Miel - Miel de montagne bio - 500g - 7003 - 9115204026695,9115204026695,€5.99,Miel de montagne bio - 500g,1/2/2026,120,€19.95,Épicerie sucrée,€14.96,Pâtes à tartiner / Miels / Confitures,Miels et sirops,26,2024-09-11 10:17
3088549252057 - Terre de Miel - Miel de Provence bio - 250g - 7004 - 9115204092231,9115204092231,€4.01,Miel de Provence bio - 250g,8/2/2026,4,€13.35,Épicerie sucrée,€10.68,Pâtes à tartiner / Miels / Confitures,Miels et sirops,39,2024-09-11 10:17
4260378042231 - Khadi - Huile capillaire ayurvédique Vitality Grow - 50ml - 6926 - 9115204649287,9115204649287,€4.47,Huile capillaire ayurvédique Vitality Grow - 50ml,31/1/2099,12,€14.50,Hygiène et santé,€10.88,Cheveux,Masques et soins,35,2024-07-18 00:23
4021457638826 - Lavera - Déodorant roll-on Natural & Refresh bio - 50ml - 6869 - 9115204747591,9115204747591,€2.09,Déodorant roll-on Natural & Refresh bio - 50ml,31/3/2026,21,€6.95,Hygiène et santé,€5.91,Corps,Déodorants,32,2025-01-02 11:19
3760260950923 - Brasserie de la Lune - Bière IPA Ipanapi bio - 75cl  - 5617 - 9115204878663,9115204878663,€2.13,Bière IPA Ipanapi bio - 75cl ,11/5/2025,44,€7.10,Boissons,€6.39,Boissons alcoolisées,Bières,26,2024-09-19 20:26
4021457637560 - Lavera - Lait corps raffermissant basis sensitiv bio - 250ml - 6969 - 9115205108039,9115205108039,€3.99,Lait corps raffermissant basis sensitiv bio - 250ml,31/12/2024,14,€11.70,Hygiène et santé,€5.85,Corps,Crèmes/ soins/ exfoliants,50,2024-07-17 22:47
4021457655335 - Lavera - Après-shampoing réparateur expert et soin profond bio - 200ml - 5601 - 9115205173575,9115205173575,€2.41,Après-shampoing réparateur expert et soin profond bio - 200ml,31/3/2026,27,€8.02,Hygiène et santé,€6.82,Cheveux,Masques et soins,19,2024-04-17 13:22
3760164640111 - Jean de Luz - Filets de thon germon à l'huile d'olive bio - 380g - 6891 - 9115205337415,9115205337415,,Filets de thon germon à l'huile d'olive bio - 380g,9/5/2027,0,€15.40,Épicerie salée,€10.01,Conserves/bocaux et plats cuisinés,Produits de la mer,39,2024-04-07 09:46
3760001762372 - Tidoo - Couches T2 S 3 à 6kg bio - x31 - 6842 - 9115205861703,9115205861703,€3.59,Couches T2 S 3 à 6kg bio - x31,,3,€11.95,Bébé,€8.96,Hygiène bébé,Couches et changes,13,2024-06-03 11:25
4260378043184 - Khadi - Huile capillaire ayurvédique Color Care - 50ml - 6925 - 9115206254919,9115206254919,€4.47,Huile capillaire ayurvédique Color Care - 50ml,31/10/2025,18,€14.90,Hygiène et santé,€9.69,Cheveux,Masques et soins,19,2024-09-18 21:24
4017645043060 - Logona - Fluide hydratant à l'aloe vera bio - 30ml - 6896 - 9115206385991,9115206385991,€4.79,Fluide hydratant à l'aloe vera bio - 30ml,28/2/2025,20,€15.95,Hygiène et santé,€7.97,Visage,Crèmes et soins visage,53,2024-07-22 20:17
3770021034298 - HOPE - Nettoyant vitres et multi-surfaces menthe bio - 500ml - 7034 - 9115206517063,9115206517063,€1.80,Nettoyant vitres et multi-surfaces menthe bio - 500ml,,158,€5.99,Maison,€5.09,Entretien et ménage,Nettoyants surface et sol,20,2024-09-04 14:39
3417960033028 - Cook - Eau de rose pour pâtisserie bio - 50ml - 6875 - 9115206746439,9115206746439,€1.37,Eau de rose pour pâtisserie bio - 50ml,30/6/2026,64,€4.56,Épicerie sucrée,€4.10,Pâtisserie,Arômes / Colorants / Aides à pâtisserie,20,2024-05-25 19:52
3363795000011 - Thés de la Pagode - Tisane Empire des songes bio - x18 - 7253 - 9115206779207,9115206779207,€2.97,Tisane Empire des songes bio - x18,31/5/2024,1,€9.90,Boissons,€4.95,Boissons chaudes,Infusions et tisanes,51,2024-11-26 20:47
3760001768299 - Tidoo - Crème lavante et nourrissante à l'extrait de lin bio - 200ml - 6847 - 9115206877511,9115206877511,€1.77,Crème lavante et nourrissante à l'extrait de lin bio - 200ml,,53,€5.89,Bébé,€2.95,Hygiène bébé,Couches et changes,16,2024-07-18 19:27
3770013342127 - My boo company  - Brosse à dent adulte en bambou infusée au charbon - souple - 5633 - 9115207008583,9115207008583,€1.43,Brosse à dent adulte en bambou infusée au charbon - souple,,13,€5.00,Hygiène et santé,€4.00,Dentaire,Brosses à dent,50,2024-09-11 11:06
3770007341686 - Les 3 Chouettes - Vinaigre balsamique de pommes bio - 25cl - 7272 - 9115207500103,9115207500103,€2.36,Vinaigre balsamique de pommes bio - 25cl,25/8/2025,68,€7.86,Épicerie salée,€5.50,Huiles et vinaigres,Vinaigres,20,2024-04-03 18:03
3291960013415 - Emma Noël - Gel douche au monoï bio - 1L - 6907 - 9115207860551,9115207860551,€4.52,Gel douche au monoï bio - 1L,,101,€15.06,Hygiène et santé,€12.05,Corps,Gels douche et savons liquides,29,2024-05-07 17:12
3770007341587 - Les 3 Chouettes - Moutarde nature bio - 190g - 7026 - 9115208057159,9115208057159,€1.68,Moutarde nature bio - 190g,1/12/2024,34,€5.60,Épicerie salée,€2.80,Sauces,Ketchup/ mayonnaises/ moutardes,291,2024-04-10 15:20
4017645043190 - Logona - Mousse nettoyante menthe et acide salicylique bio - 100ml - 7018 - 9115393524039,9115393524039,€4.19,Mousse nettoyante menthe et acide salicylique bio - 100ml,31/7/2025,31,€13.95,Hygiène et santé,€7.67,Visage,Nettoyants et démaquillants,23,2025-02-12 14:08
3700971800124 - Felichef - Croquettes pour chat adulte bio - 2kg - 6850 - 9115393753415,9115393753415,€8.21,Croquettes pour chat adulte bio - 2kg,8/5/2025,10,€27.36,Maison,€24.62,Animaux,Chat,1,2025-03-11 22:28
3383482301108 - Briochin - Recharge de savon main au miel et citron bio - 400ml - 7119 - 9115838447943,9115838447943,€1.17,Recharge de savon main au miel et citron bio - 400ml,,66,€7.15,Hygiène et santé,€4.29,Corps,Mains et pieds,94,2025-01-19 12:04
8711200459995 - Amora - Vinaigrette légère à la moutarde - 380ml - 7275 - 9115838873927,9115838873927,€0.77,Vinaigrette légère à la moutarde - 380ml,22/3/2025,72,€2.49,Épicerie salée,€1.25,Huiles et vinaigres,Vinaigrettes,145,2025-02-27 14:36
3760345483162 - The Green Emporium - Pain de rasage à l'aloe vera - 85ml - 7057 - 9121070448967,9121070448967,€1.87,Pain de rasage à l'aloe vera - 85ml,,3,€8.89,Hygiène et santé,€5.78,Visage,Soins masculins,25,2024-07-17 18:05
3760325483397 - Omie - Soupe courgette basilic bio - 750g - 7190 - 9125515362631,9125515362631,,Soupe courgette basilic bio - 750g,7/11/2025,0,€6.10,Épicerie salée,€3.97,Conserves/bocaux et plats cuisinés,Soupes et veloutés,62,2024-04-10 13:44
3760325482086 - Omie - Purée pommes pruneau bio - 660g - 7111 - 9125515657543,9125515657543,,Purée pommes pruneau bio - 660g,1/12/2024,0,€5.70,Épicerie sucrée,€2.85,Compotes et desserts,Compotes,109,2024-04-06 10:39
3760325480150 - Omie - Moutarde forte de Dijon bio - 200g - 7024 - 9125515919687,9125515919687,,Moutarde forte de Dijon bio - 200g,31/12/2024,0,€3.89,Épicerie salée,€1.95,Sauces,Ketchup/ mayonnaises/ moutardes,398,2024-04-10 14:24
4000539646904 - Lindt - Poussin bleu - 100g - 7088 - 9128034402631,9128034402631,€1.25,Poussin bleu - 100g,31/8/2025,10,€3.99,Épicerie sucrée,€2.59,Chocolat et confiseries,Ballotins et coffrets,113,2025-04-04 11:04
3700931400364 - Mon Carré Nat - Mon Petit Lait de Soja Shampoing douche au kiwi et à la mûre pour peau sensible - 250 ml - 7013 - 9129553363271,9129553363271,€1.26,Mon Petit Lait de Soja Shampoing douche au kiwi et à la mûre pour peau sensible - 250 ml,,5,€5.90,Hygiène et santé,€3.54,Corps,Shampoings liquides,12,2024-08-29 19:25
5200120443342 - Rizes Greece - Tartinade de tomates séchées au soleil - 200g - 7215 - 9162300621127,9162300621127,€1.04,Tartinade de tomates séchées au soleil - 200g,17/2/2026,428,€3.99,Épicerie salée,€3.19,Apéritifs,Tartinades,34,2024-04-27 10:38
5200120443786 - Rizes Greece - Tomates séchées aux épices - 190g - 7263 - 9162300752199,9162300752199,€1.04,Tomates séchées aux épices - 190g,5/10/2025,415,€3.99,Épicerie salée,€3.19,Apéritifs,Olives et antipasti,19,2024-05-01 17:42
5200120443335 - Rizes Greece - Tartinade de poivrons rouges - 200g - 7214 - 9162300784967,9162300784967,€1.04,Tartinade de poivrons rouges - 200g,6/10/2025,264,€3.99,Épicerie salée,€3.19,Apéritifs,Tartinades,49,2024-04-27 10:38
5200120443205 - Rizes Greece - Olives vertes à l'ail - 350g - 7044 - 9162300817735,9162300817735,€1.04,Olives vertes à l'ail - 350g,3/2/2026,314,€3.99,Épicerie salée,€3.19,Apéritifs,Olives et antipasti,20,2024-04-24 09:15
5200120443311 - Rizes Greece - Tartinade d'olives kalamon - 200g - 7212 - 9162300948807,9162300948807,€1.04,Tartinade d'olives kalamon - 200g,5/10/2025,341,€3.99,Épicerie salée,€3.19,Apéritifs,Tartinades,26,2024-04-27 10:38
5200120443328 - Rizes Greece - Tartinade d'olives vertes - 200g - 7213 - 9162301342023,9162301342023,€1.04,Tartinade d'olives vertes - 200g,5/10/2025,439,€3.99,Épicerie salée,€3.19,Apéritifs,Tartinades,27,2024-04-27 10:38
5200120443168 - Rizes Greece - Olives Kalamon dénoyautées - 340g - 7041 - 9162301407559,9162301407559,€1.04,Olives Kalamon dénoyautées - 340g,18/9/2027,286,€3.99,Épicerie salée,€3.19,Apéritifs,Olives et antipasti,35,2024-04-29 10:44
3760087787764 - Le Borvo - Matelote d'Esturgeon d'Aquitaine - 350g - 6996 - 9162301571399,9162301571399,€2.88,Matelote d'Esturgeon d'Aquitaine - 350g,21/10/2024,35,€11.50,Épicerie salée,€5.75,Conserves/bocaux et plats cuisinés,Produits de la mer,56,2024-06-19 19:15
3760087789133 - Le Borvo - Pâté de porc à l'ancienne au Chablis - 90g - 7063 - 9162301604167,9162301604167,€0.86,Pâté de porc à l'ancienne au Chablis - 90g,6/11/2025,120,€3.30,Épicerie salée,€2.64,Apéritifs,Tartinades,17,2024-04-28 10:19
3760087787771 - Le Borvo - Pôchouse d'Esturgeon - 350g - 7075 - 9162301768007,9162301768007,€2.88,Pôchouse d'Esturgeon - 350g,21/10/2024,155,€11.50,Épicerie salée,€5.75,Conserves/bocaux et plats cuisinés,Produits de la mer,37,2024-09-04 14:39
8056157261254 - Orominerva - Poivrons à l'huile - 210g - 7080 - 9176676925767,9176676925767,€2.38,Poivrons à l'huile - 210g,30/9/2024,87,€9.50,Épicerie salée,€4.75,Conserves/bocaux et plats cuisinés,Légumes,19,2025-01-23 18:49
3274490971141 - Meneau - Sirop de thé vert à la pêche bio - 50cl - 7186 - 9187240247623,9187240247623,€2.48,Sirop de thé vert à la pêche bio - 50cl,24/8/2024,29,€9.20,Boissons,€4.60,Sirop/thés glacés/sodas,Sirops,78,2024-05-19 18:04
3760325481492 - Omie - Feuilles entières de laurier de Provence bio - 20g - 6883 - 9188097425735,9188097425735,€1.01,Feuilles entières de laurier de Provence bio - 20g,31/12/2027,266,€4.20,Épicerie salée,€2.52,Épices et condiments,Épices et aromates,74,2024-07-05 23:51
3770014111661 - PourDemain - Purée de pommes bio - 825g - 6674 - 9206427713863,9206427713863,€1.15,Purée de pommes bio - 825g,19/11/2025,166,€4.05,Épicerie sucrée,€3.24,Compotes et desserts,Compotes,365,2024-05-15 11:13
3770014111746 - Transition - Velouté de potimarron - 730ml - 6693 - 9206427779399,9206427779399,€0.99,Velouté de potimarron - 730ml,28/2/2026,26,€3.94,Épicerie salée,€2.56,Conserves/bocaux et plats cuisinés,Soupes et veloutés,223,2024-05-15 11:13
3770014111753 - Transition - Velouté de carottes - 730ml - 6692 - 9206427877703,9206427877703,€0.96,Velouté de carottes - 730ml,28/12/2026,31,€3.82,Épicerie salée,€3.25,Conserves/bocaux et plats cuisinés,Soupes et veloutés,108,2024-05-22 09:39
3382562107449 - Ducs de Gascogne - Terrine de campagne  - 280g - 6689 - 9206428008775,9206428008775,€3.49,Terrine de campagne  - 280g,30/7/2026,29,€13.95,Épicerie salée,€8.37,Apéritifs,Tartinades,35,2024-09-05 12:04
3567730700244 - Dermaclay - Huile sèche multi-usage sublime bio - 50ml - 6697 - 9208053891399,9208053891399,€3.99,Huile sèche multi-usage sublime bio - 50ml,20/4/2025,5,€18.95,Hygiène et santé,€9.47,Corps,Crèmes/ soins/ exfoliants,6,2025-02-15 22:23
3760308961034 - Biodyssée - Gingembre moulu bio - 40g - 6704 - 9210247086407,9210247086407,€0.59,Gingembre moulu bio - 40g,31/5/2025,17,€1.95,Épicerie salée,€1.27,Épices et condiments,Épices et aromates,122,2024-06-05 08:41
3760325480358 - Omie - Thé noir 4 agrumes du Paralai vrac bio - 100g - 6754 - 9217017610567,9217017610567,€1.65,Thé noir 4 agrumes du Paralai vrac bio - 100g,31/12/2025,94,€6.87,Boissons,€3.78,Boissons chaudes,Thés et matés,79,2024-07-22 20:17
3760325484240 - Omie - Purée piment vert bio - 85g - 6747 - 9217017839943,9217017839943,€0.91,Purée piment vert bio - 85g,6/7/2025,22,€3.80,Épicerie salée,€1.90,Épices et condiments,Cornichons/ pickles/ câpres,169,2024-08-04 10:49
3760311310041 - Lamazuna - Oriculi en bioplastique rouge - 6741 - 9217018331463,9217018331463,€0.68,Oriculi en bioplastique rouge,,117,€4.50,Hygiène et santé,€2.25,Visage,Cotons et coton-tiges,26,2025-02-12 21:15
3760061225282 - Najel - Savon d'Alep liquide à l'huile de figues de Barbarie - 500ml - 6786 - 9220135027015,9220135027015,€2.46,Savon d'Alep liquide à l'huile de figues de Barbarie - 500ml,2/2/2027,42,€12.30,Hygiène et santé,€6.15,Corps,Gels douche et savons liquides,43,2024-07-17 23:43
3662217011926 - Avril - Correcteur Café bio - 4g - 6766 - 9220135059783,9220135059783,€2.00,Correcteur Café bio - 4g,1/10/2024,18,€8.00,Hygiène et santé,€3.20,Corps,Crèmes et soins visage,1,2025-03-23 20:49
3760061226050 - Najel - Savon d'alep liquide à l'huile de laurier bio - 1L - 6787 - 9220135354695,9220135354695,€3.50,Savon d'alep liquide à l'huile de laurier bio - 1L,19/2/2027,23,€17.00,Hygiène et santé,€10.20,Corps,Gels douche et savons liquides,68,2024-07-04 15:20
3760061223349 - Najel - Dentifrice solide au charbon à la menthe bio - 33g - 6770 - 9220135551303,9220135551303,€2.00,Dentifrice solide au charbon à la menthe bio - 33g,10/1/2027,20,€9.99,Hygiène et santé,€5.00,Dentaire,Dentifrices,44,2024-07-17 14:17
3760061222663 - Beroia - Sels de la mer Morte - 180g - 6788 - 9220135584071,9220135584071,€1.60,Sels de la mer Morte - 180g,,85,€10.30,Hygiène et santé,€5.67,Corps,Crèmes/ soins/ exfoliants,20,2024-07-18 17:40
3770026145029 - Osmoz - Osmoz Digestion - 60 gélules - 6799 - 9225580904775,9225580904775,€4.98,Osmoz Digestion - 60 gélules,30/9/2024,4,€19.90,Hygiène et santé,€9.95,Santé,Compléments alimentaires,1,2025-02-17 13:29
3538395314305 - Etamine du Lys - Assouplissant hypoallergénique à la camomille - 2L - 6825 - 9241111888199,9241111888199,€3.90,Assouplissant hypoallergénique à la camomille - 2L,,74,€13.01,Maison,€9.11,Linge,Assouplissants,22,2024-09-11 17:48
3701352104213 - DYP Cosmethic - Rouge à lèvres rouge orangé - 7320 - 9260072173895,9260072173895,€2.48,Rouge à lèvres rouge orangé,,10,€9.90,Hygiène et santé,€5.94,Corps,Maquillage et parfums,5,2025-02-04 23:27
3701352116537 - DYP Cosmethic - Vernis à ongles marine - 7331 - 9260072501575,9260072501575,€1.48,Vernis à ongles marine,,8,€5.90,Hygiène et santé,€3.54,Corps,Maquillage et parfums,7,2025-02-17 12:29
3701352104954 - DYP Cosmethic - Correcteur safran - 7294 - 9260072730951,9260072730951,€2.48,Correcteur safran,,2,€9.90,Hygiène et santé,€5.94,Corps,Maquillage et parfums,11,2024-11-29 12:02
3701352101120 - DYP Cosmethic - Duo Fards à paupières brun taupe et noir profond - 7305 - 9260072829255,9260072829255,€2.48,Duo Fards à paupières brun taupe et noir profond,,11,€9.90,Hygiène et santé,€3.96,Corps,Maquillage et parfums,8,2025-03-09 20:38
3701352100413 - DYP Cosmethic - Encre à lèvres Bordeaux  - 7306 - 9260073156935,9260073156935,€2.48,Encre à lèvres Bordeaux ,,16,€9.90,Hygiène et santé,€5.94,Corps,Maquillage et parfums,6,2025-02-05 22:32
3701352104923 - DYP Cosmethic - Correcteur beige claire  - 7293 - 9260073189703,9260073189703,€2.48,Correcteur beige claire ,,10,€9.90,Hygiène et santé,€5.94,Corps,Maquillage et parfums,7,2025-02-21 18:22
3701352104176 - DYP Cosmethic - Rouge à lèvres Violine - 7319 - 9260073353543,9260073353543,€2.48,Rouge à lèvres Violine,,32,€9.90,Hygiène et santé,€5.45,Corps,Maquillage et parfums,11,2025-02-12 21:39
3701352116506 - DYP Cosmethic - Vernis à ongles Vermillon  - 7330 - 9260073484615,9260073484615,€1.48,Vernis à ongles Vermillon ,,1,€5.90,Hygiène et santé,€2.96,Corps,Maquillage et parfums,21,2024-09-02 20:49
3701352104220 - DYP Cosmethic - Rouge à lèvres Rouge vermillon - 7321 - 9260073550151,9260073550151,€2.48,Rouge à lèvres Rouge vermillon,,24,€9.90,Hygiène et santé,€4.95,Corps,Maquillage et parfums,19,2024-07-01 22:10
3701352103346 - DYP Cosmethic - Terre de soleil bronze doré - 7323 - 9260073681223,9260073681223,€2.48,Terre de soleil bronze doré,,4,€9.90,Hygiène et santé,€5.94,Corps,Maquillage et parfums,8,2025-03-04 09:55
3701352116483 - DYP Cosmethic - Vernis à ongles corail satiné - 7334 - 9260073877831,9260073877831,€1.48,Vernis à ongles corail satiné,,11,€5.90,Hygiène et santé,€3.25,Corps,Maquillage et parfums,9,2025-02-22 17:07
3701352116575 - DYP Cosmethic - Vernis à ongles carmin - 7333 - 9260074697031,9260074697031,€1.48,Vernis à ongles carmin,,15,€5.90,Hygiène et santé,€2.96,Corps,Maquillage et parfums,8,2025-02-22 17:07
3701352100147 - DYP Cosmethic - Gloss prune cassis - 7310 - 9260074893639,9260074893639,€2.48,Gloss prune cassis,,11,€9.90,Hygiène et santé,€5.45,Corps,Maquillage et parfums,10,2025-02-01 22:54
3701352116490 - DYP Cosmethic - Vernis à ongles Magenta satiné  - 7329 - 9260075221319,9260075221319,€1.48,Vernis à ongles Magenta satiné ,,24,€5.90,Hygiène et santé,€3.25,Corps,Maquillage et parfums,5,2024-08-30 23:27
3701352100574 - DYP Cosmethic - Highlighter Medium - 7311 - 9260075319623,9260075319623,€2.48,Highlighter Medium,,7,€9.90,Hygiène et santé,€4.95,Corps,Accessoires visage,12,2024-11-06 17:39
3701352117046 - DYP Cosmethic - Pinceau langue de chat - 7347 - 9262197604679,9262197604679,€1.48,Pinceau langue de chat,,2,€5.90,Hygiène et santé,€3.54,Corps,Maquillage et parfums,9,2025-02-06 19:35
3701352116568 - DYP Cosmethic - Vernis à ongle mandarine - 7351 - 9262197768519,9262197768519,€1.48,Vernis à ongle mandarine,,5,€5.90,Hygiène et santé,€3.25,Corps,Maquillage et parfums,15,2025-02-01 14:22
3701352100468 - DYP Cosmethic - Encre à lèvre cappuccino - 7341 - 9262197801287,9262197801287,€2.48,Encre à lèvre cappuccino,,5,€9.90,Hygiène et santé,€4.95,Corps,Maquillage et parfums,12,2025-02-22 18:29
3701352116094 - DYP Cosmethic - Crayon yeux-lèvres beige  - 7338 - 9262197834055,9262197834055,€1.23,Crayon yeux-lèvres beige ,,2,€4.90,Hygiène et santé,€2.70,Corps,Maquillage et parfums,8,2025-02-05 14:34
3701352100567 - DYP Cosmethic - Highlighter clair - 7343 - 9262197866823,9262197866823,€2.48,Highlighter clair,,10,€9.90,Hygiène et santé,€5.45,Corps,Maquillage et parfums,11,2025-02-06 21:04
3701352116452 - DYP Cosmethic - Vernis à ongles rose sombre - 7353 - 9262197899591,9262197899591,€1.48,Vernis à ongles rose sombre,,12,€5.90,Hygiène et santé,€2.95,Corps,Maquillage et parfums,13,2025-01-18 18:26
3701352103131 - DYP Cosmethic - Poudre velours beige orangé - 7349 - 9262197932359,9262197932359,€2.48,Poudre velours beige orangé,,8,€9.90,Hygiène et santé,€4.46,Corps,Maquillage et parfums,12,2025-02-12 21:39
3701352100154 - DYP Cosmethic - Gloss magenta satiné - 7342 - 9262198096199,9262198096199,€2.48,Gloss magenta satiné,,5,€9.90,Hygiène et santé,€4.95,Corps,Maquillage et parfums,10,2025-02-12 13:36
3701352116513 - DYP Cosmethic - Vernis à ongles Bordeaux - 7352 - 9262198161735,9262198161735,€1.48,Vernis à ongles Bordeaux,,16,€5.90,Hygiène et santé,€3.25,Corps,Maquillage et parfums,5,2025-02-05 08:43
3701352116582 - DYP Cosmethic - Vernis à ongles rouge sombre - 7354 - 9262198194503,9262198194503,€1.48,Vernis à ongles rouge sombre,,1,€5.90,Hygiène et santé,€2.66,Corps,Maquillage et parfums,13,2025-03-14 10:30
3701352103247 - DYP Cosmethic - Blush brun rouge - 7337 - 9262198325575,9262198325575,€2.48,Blush brun rouge,,15,€9.90,Hygiène et santé,€5.45,Corps,Maquillage et parfums,10,2025-02-11 15:32
3701352116476 - DYP Cosmethic - Vernis à ongles beige orangé - 7383 - 9266764022087,9266764022087,€1.48,Vernis à ongles beige orangé,,9,€5.90,Hygiène et santé,€2.66,Corps,Maquillage et parfums,14,2025-02-11 19:12
3701352101014 - DYP Cosmethic - Duo de fards à paupières gris - 7364 - 9266764120391,9266764120391,€2.48,Duo de fards à paupières gris,,12,€9.90,Hygiène et santé,€5.45,Corps,Maquillage et parfums,4,2024-09-18 17:18
3592860018174 - Bornibus - Piments Feferoni - 220g - 7373 - 9266764775751,9266764775751,€0.50,Piments Feferoni - 220g,30/11/2024,1,€2.99,Épicerie salée,€1.50,Épices et condiments,Cornichons/ pickles/ câpres,99,2024-08-25 13:47
3469670720835 - Favols - Fromagère Délice de coing au thym et romarin - 110g - 7398 - 9270101967175,9270101967175,€0.62,Fromagère Délice de coing au thym et romarin - 110g,28/3/2025,,€2.49,Épicerie sucrée,€1.25,Pâtes à tartiner / Miels / Confitures,Confitures,11,2024-09-21 08:48
5200120443625 - Rizes Greece - Crème balsamique à la mûre - 200 ml - 7410 - 9272210784583,9272210784583,€1.32,Crème balsamique à la mûre - 200 ml,4/5/2025,55,€5.99,Épicerie salée,€3.00,Huiles et vinaigres,Vinaigres,344,2024-08-01 17:55
5200120443359 - Rizes Greece - Tartinade de tomates séchées au soleil aux olives et à la feta - 200g - 7420 - 9272210948423,9272210948423,€1.04,Tartinade de tomates séchées au soleil aux olives et à la feta - 200g,5/4/2025,133,€3.99,Épicerie salée,€2.00,Apéritifs,Tartinades,621,2024-06-19 15:53
5200120443601 - Rizes Greece - Crème balsamique à la pomme - 200 ml - 7412 - 9272211079495,9272211079495,€1.32,Crème balsamique à la pomme - 200 ml,16/5/2026,90,€5.99,Épicerie salée,€5.99,Huiles et vinaigres,Vinaigres,100,2024-06-30 21:49
5200120443526 - Rizes Greece - Crème balsamique bio à la grenade - 200ml - 7414 - 9272211276103,9272211276103,€2.25,Crème balsamique bio à la grenade - 200ml,4/5/2025,418,€6.99,Épicerie salée,€6.99,Huiles et vinaigres,Vinaigres,79,2024-10-19 21:43
5200120443373 - Rizes Greece - Mélange méditérranéen de légumes pour bruschetta - 190g - 7415 - 9272211308871,9272211308871,€1.10,Mélange méditérranéen de légumes pour bruschetta - 190g,17/8/2025,438,€3.99,Épicerie salée,€3.39,Apéritifs,Tartinades,183,2024-06-19 19:15
5200120443618 - Rizes Greece - Crème balsamique à la pêche - 200ml - 7411 - 9272211341639,9272211341639,€1.32,Crème balsamique à la pêche - 200ml,4/5/2025,181,€5.99,Épicerie salée,€3.00,Huiles et vinaigres,Vinaigres,145,2024-06-25 09:36
5200120443632 - Rizes Greece - Crème balsamique aux dattes - 200ml - 7413 - 9272211407175,9272211407175,€1.32,Crème balsamique aux dattes - 200ml,5/5/2026,114,€5.99,Épicerie salée,€3.00,Huiles et vinaigres,Vinaigres,83,2025-01-01 18:03
3175681295803 - Gerlinéa - Clear Whey en poudre saveur fruits rouges - 288g - 7427 - 9285955584327,9285955584327,€4.95,Clear Whey en poudre saveur fruits rouges - 288g,31/12/2024,147,€14.99,Boissons,€7.50,Boissons diététiques et sportives,Boissons sportives,75,2025-01-30 15:19
3175681295797 - Gerlinéa - Clear Whey en poudre saveur citron - 288g - 7426 - 9285955617095,9285955617095,€4.95,Clear Whey en poudre saveur citron - 288g,31/12/2024,168,€14.99,Boissons,€7.50,Boissons diététiques et sportives,Boissons sportives,70,2025-02-02 05:41
3760061220614 - Beroia - Argile blanche - 90g - 7447 - 9291873648967,9291873648967,€1.10,Argile blanche - 90g,16/5/2027,30,€6.18,Hygiène et santé,€3.09,Visage,Crèmes et soins visage,16,2025-02-12 08:43
871561004376 - Touch Organic - Thé vert Gunpowder - 100g - 7459 - 9291873845575,9291873845575,€1.12,Thé vert Gunpowder - 100g,23/7/2027,112,€5.09,Boissons,€3.56,Boissons chaudes,Thés et matés,25,2024-08-28 15:39
3291960016768 - Émile Noël - Vinaigrette méditerranéenne bio - 360ml - 7461 - 9291874238791,9291874238791,€1.50,Vinaigrette méditerranéenne bio - 360ml,30/3/2025,60,€5.94,Épicerie salée,€2.97,Huiles et vinaigres,Vinaigrettes,130,2024-09-28 06:05
3760061225237 - Beroia - Poudre d'alun - 150g - 7470 - 9295172043079,9295172043079,€1.80,Poudre d'alun - 150g,24/8/2027,71,€9.90,Hygiène et santé,€4.46,Corps,DIY,15,2025-02-12 21:15
3760061228818 - Najel - Savon d'Alep 5% aux huiles de baies avec cordon - 150g - 7471 - 9295172501831,9295172501831,"€1.73, €2.00",Savon d'Alep 5% aux huiles de baies avec cordon - 150g,,107,€7.50,Hygiène et santé,€6.00,Corps,Savons solides,65,2024-09-02 20:49
3760061223110 - Beroia - Shampoing cheveux normaux parfum Tiaré -  300ml  - 7482 - 9296311451975,9296311451975,,Shampoing cheveux normaux parfum Tiaré -  300ml ,,0,€10.50,Hygiène et santé,€5.25,Cheveux,Shampoings liquides,84,2024-10-02 20:21
3760061222601 - Beroia - Hydrolat feuilles d'olivier - 200 ml - 7479 - 9296311550279,9296311550279,€2.47,Hydrolat feuilles d'olivier - 200 ml,4/7/2025,37,€10.15,Hygiène et santé,€5.58,Aromathérapie,Eaux florales,14,2024-12-14 00:12
3760061223639 - Beroia - Cire orientale Cosmos - 350g - 7475 - 9296311583047,9296311583047,€2.81,Cire orientale Cosmos - 350g,25/7/2025,27,€12.05,Hygiène et santé,€6.03,Corps,Épilation,12,2024-08-31 21:05
3760061225589 - Beroia - Huile de Jojoba bio - 80 ml - 7477 - 9296311746887,9296311746887,€3.59,Huile de Jojoba bio - 80 ml,,8,€15.40,Hygiène et santé,€8.47,Aromathérapie,Huiles végétales,30,2024-11-17 10:21
3489940081640 - L'artisan Savonnier - Cire d'abeille - 250g - 7474 - 9296311779655,9296311779655,€3.77,Cire d'abeille - 250g,,35,€15.69,Hygiène et santé,€8.63,Corps,DIY,24,2024-09-25 09:08
3760061226135 - Najel - Shampoing au savon d'Alep 2 en 1 - cheveux secs - 1L - 7480 - 9296311845191,9296311845191,€5.80,Shampoing au savon d'Alep 2 en 1 - cheveux secs - 1L,,256,€23.50,Hygiène et santé,€15.28,Cheveux,Shampoings liquides,7,2025-02-19 23:04
3760061226159 - Najel - Shampoing au savon d'Alep 2 en 1 - Cheveux gras - 1L - 7481 - 9296311877959,9296311877959,€5.80,Shampoing au savon d'Alep 2 en 1 - Cheveux gras - 1L,,302,€23.50,Hygiène et santé,€15.28,Cheveux,Shampoings liquides,31,2025-02-08 18:40
4011886006822 - Stanger - 10 stylos à billes - 4B/3N/2R/1V  - 7512 - 9309214835015,9309214835015,€1.30,10 stylos à billes - 4B/3N/2R/1V ,,41,€4.36,Maison,€2.62,Fournitures scolaires,Ecriture,22,2025-02-05 14:30
3760061225084 - Beroia - Argile verte en poudre - 150g - 7514 - 9309215523143,9309215523143,€1.30,Argile verte en poudre - 150g,27/11/2029,4,€6.58,Hygiène et santé,€3.29,Visage,Crèmes et soins visage,28,2025-02-10 22:09
3760061225565 - Beroia - Argile rouge en poudre - 150g - 7513 - 9309215588679,9309215588679,€1.30,Argile rouge en poudre - 150g,13/4/2027,27,€6.58,Hygiène et santé,€3.62,Visage,Crèmes et soins visage,12,2024-07-03 08:44
3486330108161 - Ladrôme - Spray anti-moustique bio - 50ml - 7526 - 9309215981895,9309215981895,€4.35,Spray anti-moustique bio - 50ml,31/5/2024,53,€14.95,Maison,€7.47,Accessoires ménagers,Parapharmacie,42,2024-08-13 14:53
3760269315211 - Good Goût - Bâtonnets verts petit pois courgette semoule de maïs - 120g - 7558 - 9325122617671,9325122617671,€1.12,Bâtonnets verts petit pois courgette semoule de maïs - 120g,8/10/2024,8,€4.15,Bébé,€2.08,Alimentation bébé,Petits pots et repas,124,2024-11-27 16:51
3770002327739 - Good Goût - Céréales avoine blé riz - 200g - 7560 - 9325122683207,9325122683207,€1.22,Céréales avoine blé riz - 200g,24/12/2024,227,€4.50,Bébé,€2.25,Alimentation bébé,Petits pots et repas,97,2024-09-15 11:56
3770006030185 - Terra Cérès - Lot de 3 muffins au chocolat fondant - 165g - 7591 - 9334982771015,9334982771015,€1.90,Lot de 3 muffins au chocolat fondant - 165g,1/6/2025,98,€5.60,Épicerie sucrée,€5.04,Biscuits et gâteaux,Moelleux et gâteaux,35,2024-12-02 22:07
4006381521161 - Stabilo - Ecopack 6 surligneurs swing cool - 4 fluo et 2 pastel (vert et violet) - 7596 - 9336366399815,9336366399815,€2.38,Ecopack 6 surligneurs swing cool - 4 fluo et 2 pastel (vert et violet),,35,€6.99,Maison,€3.84,Fournitures scolaires,Ecriture,24,2025-01-06 18:31
4006381544603 - Stabilo - Etui chevalet x 10 stylos-feutres - pointe fine 88 mm - coloris pastel - 7599 - 9336366498119,9336366498119,€2.93,Etui chevalet x 10 stylos-feutres - pointe fine 88 mm - coloris pastel,,60,€8.00,Maison,€4.80,Fournitures scolaires,Ecriture,18,2024-09-01 16:29
4006381545297 - Stabilo - Set de bureau - 10 surligneurs couleurs fluos  - 7603 - 9336366530887,9336366530887,€5.31,Set de bureau - 10 surligneurs couleurs fluos ,,105,€11.19,Maison,€6.15,Fournitures scolaires,Ecriture,20,2024-09-18 16:43
4006381563703 - Stabilo - Ecopack 6 surligneurs swing cool - 4 fluo et 2 pastel (orange et rose) - 7597 - 9336366760263,9336366760263,€2.38,Ecopack 6 surligneurs swing cool - 4 fluo et 2 pastel (orange et rose),,46,€6.99,Maison,€3.84,Fournitures scolaires,Ecriture,16,2025-02-03 04:07
4006381571593 - Stabilo - Etui de 12 stylos-feutres pastel à pointe fine - 7600 - 9336366825799,9336366825799,€3.46,Etui de 12 stylos-feutres pastel à pointe fine,,14,€9.90,Maison,€5.45,Fournitures scolaires,Écriture,36,2024-11-29 07:58
4006381567107 - Stabilo - Trousse de 20 feutres - point 88  - 7605 - 9336366858567,9336366858567,€7.02,Trousse de 20 feutres - point 88 ,,2,€16.50,Maison,€8.25,Fournitures scolaires,Cartables et trousses,13,2025-02-01 19:56
4006381327268 - Stabilo - Boîte métal feutres de dessin pointe moyenne Pen 68 décor premium - x40 - 7611 - 9338703216967,9338703216967,€21.12,Boîte métal feutres de dessin pointe moyenne Pen 68 décor premium - x40,,11,€52.00,Maison,€31.20,Fournitures scolaires,Ecriture,10,2025-02-02 14:40
"4006381567046 - Stabilo - Etui carton 6 crayons graphite Othello ARTY assortiment de mines dures et tendres (2B, B, HB, F, H, 2H) - 7616 - 9338703610183",9338703610183,€1.29,"Etui carton 6 crayons graphite Othello ARTY assortiment de mines dures et tendres (2B, B, HB, F, H, 2H)",,58,€3.70,Maison,€2.04,Fournitures scolaires,Ecriture,24,2025-02-03 04:07
4006381311649 - Stabilo - Boîte métal x24 crayons Original - 7613 - 9338703708487,9338703708487,€16.47,Boîte métal x24 crayons Original,,24,€46.00,Maison,€25.30,Fournitures scolaires,Ecriture,3,2025-03-17 13:36
3371010495634 - Quo Vadis - Trousse scolaire girafe - 7644 - 9343346049351,9343346049351,,Trousse scolaire girafe,,0,€14.65,Maison,€9.52,Fournitures scolaires,Cartables et trousses,2,2025-03-31 18:56
3371010500482 - Quo Vadis - Trousse ronde graffiti - 7643 - 9343346114887,9343346114887,€5.61,Trousse ronde graffiti,,14,€13.95,Maison,€6.98,Fournitures scolaires,Cartables et trousses,2,2025-01-06 18:31
3371010498567 - Quo Vadis - Cahier de texte hamster - 7631 - 9343346180423,9343346180423,€4.13,Cahier de texte hamster,,18,€10.95,Maison,€5.48,Fournitures scolaires,Papeterie,0,
3371010498550 - Quo Vadis - Cahier de texte Chaton / Chien - 7630 - 9343346245959,9343346245959,€4.13,Cahier de texte Chaton / Chien,,14,€10.95,Maison,€6.57,Fournitures scolaires,Papeterie,0,
3371010422562 - Quo Vadis - Cartable vintage couleur framboise - 38cm - 7638 - 9343346278727,9343346278727,€24.67,Cartable vintage couleur framboise - 38cm,,9,€63.45,Maison,€34.90,Fournitures scolaires,Cartables et trousses,0,
3371010396436 - Quo Vadis - Carnet de notes bleu - 7629 - 9343346311495,9343346311495,€3.72,Carnet de notes bleu,,14,€14.90,Maison,€7.45,Fournitures scolaires,Papeterie,3,2025-03-02 10:14
3371010473014 - Quo Vadis - Cahier de texte pingouin - 7632 - 9343346344263,9343346344263,€4.13,Cahier de texte pingouin,,18,€9.95,Maison,€4.97,Fournitures scolaires,Papeterie,1,2025-04-09 09:21
3371010456475 - Quo Vadis - Carnet de notes navy jaune 15x21 cm - 7634 - 9343346508103,9343346508103,€4.59,Carnet de notes navy jaune 15x21 cm,,14,€8.49,Maison,€5.09,Fournitures scolaires,Papeterie,9,2025-02-01 21:23
3371010475797 - Quo Vadis - Cartable scolaire Louise & Arthur 38x30x14 cm - 7637 - 9343346573639,9343346573639,€26.58,Cartable scolaire Louise & Arthur 38x30x14 cm,,4,€59.80,Maison,€38.87,Fournitures scolaires,Cartables et trousses,0,
4006381571579 - Stabilo - Etui carton de 12 stylos-feutres pointe fine  - 7639 - 9343346606407,9343346606407,€3.46,Etui carton de 12 stylos-feutres pointe fine ,,111,€9.90,Maison,€4.95,Fournitures scolaires,Ecriture,13,2024-09-11 08:48
3371010500413 - Quo Vadis - Carnet de notes Stylish tapisserie 15x21cm - 7636 - 9343346671943,9343346671943,€5.79,Carnet de notes Stylish tapisserie 15x21cm,,9,€15.90,Maison,€9.54,Fournitures scolaires,Papeterie,6,2025-02-05 04:31
3371010272686 - Quo Vadis - Carnet de notes rouge 10x15cm - 7635 - 9343346704711,9343346704711,€3.72,Carnet de notes rouge 10x15cm,,2,€14.90,Maison,€7.45,Fournitures scolaires,Papeterie,8,2024-09-04 14:39
3760061221680 - Beroia - Baume soin coco - 100g - 7647 - 9344518619463,9344518619463,,Baume soin coco - 100g,,0,€10.36,Hygiène et santé,€4.14,Corps,Crèmes/ soins/ exfoliants,90,2024-08-28 10:26
3760207117921 - Énergie Fruit - Baume corps à la mangue bio - 200ml - 7646 - 9344518816071,9344518816071,€1.69,Baume corps à la mangue bio - 200ml,,8,€6.72,Hygiène et santé,€3.70,Corps,Crèmes/ soins/ exfoliants,84,2025-02-01 09:58
9999888877777 - Nutrisensis - Tisanes à la menthe poivrée bio -  24g - 7679 - 9348231332167,9348231332167,€0.59,Tisanes à la menthe poivrée bio -  24g,31/1/2025,69,€3.90,Boissons,€1.95,Boissons chaudes,Infusions et tisanes,386,2024-10-02 23:25
3760161790345 - Nutrisensis - Tisane au romarin bio - 24g - 7678 - 9348231397703,9348231397703,€0.59,Tisane au romarin bio - 24g,31/5/2025,200,€3.90,Boissons,€1.95,Boissons chaudes,Infusions et tisanes,202,2024-10-01 20:10
9999888877782 - Nutrisensis - Tisane à la camomille bio - 24g - 7677 - 9348231463239,9348231463239,€0.59,Tisane à la camomille bio - 24g,30/4/2024,204,€3.90,Boissons,€1.95,Boissons chaudes,Infusions et tisanes,232,2024-09-20 15:25
3760161790291 - Nutrisensis - Tisane à l'hibiscus tonifiant bio - 24g - 7676 - 9348231659847,9348231659847,€0.59,Tisane à l'hibiscus tonifiant bio - 24g,31/3/2025,174,€3.90,Boissons,€1.95,Boissons chaudes,Infusions et tisanes,223,2024-11-15 14:29
3760161790307 - Nutrisensis - Maté bio - 24g - 7660 - 9348231758151,9348231758151,€0.59,Maté bio - 24g,31/5/2025,193,€3.90,Boissons,€1.95,Boissons chaudes,Thés et matés,213,2025-01-17 22:28
8411719962039 - Tris Tras - Pansements 19x72mm - x20 - 7681 - 9352652554567,9352652554567,€0.33,Pansements 19x72mm - x20,,106,€1.50,Hygiène et santé,€1.13,Santé,Parapharmacie,72,2024-08-04 20:47
8411719970508 - Tris Tras - Bandes protectrices couleur peau - x5 - 7702 - 9516332548423,9516332548423,€0.24,Bandes protectrices couleur peau - x5,30/12/2028,103,€2.00,Hygiène et santé,€1.60,Santé,Parapharmacie,179,2024-08-25 20:16
3760325482642 - Omie - Jus de pomme Granny & citron jaune bio - 750g - 7710 - 9516332777799,9516332777799,€0.95,Jus de pomme Granny & citron jaune bio - 750g,22/5/2025,11,€3.95,Boissons,€2.37,Jus et boissons végétales,Jus de fruits,73,2024-09-02 01:36
3760349450122 - Pimpant - Gel lavant Kids 2 en 1 pomme du verger poudre à diluer - 25gr - 7742 - 9625321636167,9625321636167,€1.00,Gel lavant Kids 2 en 1 pomme du verger poudre à diluer - 25gr,30/1/2026,40,€3.90,Hygiène et santé,€2.53,Corps,Gels douche et savons liquides,38,2024-11-04 22:23
4055297150378 - SANTE  - Gel douche coco et vanille bio - 950ml - 7759 - 9643053154631,9643053154631,€2.31,Gel douche coco et vanille bio - 950ml,,21,€11.50,Hygiène et santé,€9.20,Corps,Gels douche et savons liquides,29,2024-09-27 19:55
5060229014009 - Pukka - Trois camomilles bio - 20 infusions   - 7775 - 9643053220167,9643053220167,€1.95,Trois camomilles bio - 20 infusions  ,30/4/2027,56,€5.49,Boissons,€4.39,Boissons chaudes,Infusions et tisanes,1,2024-11-29 07:58
"3760319496945 - Lamazuna - Parfum solide, le Polisson - 20ml - 7767 - 9645444006215",9645444006215,€2.14,"Parfum solide, le Polisson - 20ml",,30,€14.25,Hygiène et santé,€9.97,Corps,Maquillage et parfums,21,2025-02-08 19:51
4021457655175 - Lavera - Shampoing Volume & Vitalité - 250ml - 7784 - 9656479875399,9656479875399,€2.13,Shampoing Volume & Vitalité - 250ml,28/2/2026,18,€7.88,Hygiène et santé,€5.12,Cheveux,Shampoings liquides,40,2025-02-11 15:32
3490570200899 - Vinckel - Déboucheur liquide pro spécial cheveux - 600ml - 7805 - 9670007423303,9670007423303,€1.25,Déboucheur liquide pro spécial cheveux - 600ml,,152,€4.55,Maison,€4.10,Entretien et ménage,Nettoyants surface et sol,60,2025-01-05 15:00
3011360031938 - Knorr - Préparation pour jus de rôti - 8x9g - 7828 - 9675328815431,9675328815431,€0.46,Préparation pour jus de rôti - 8x9g,31/12/2025,152,€1.59,Épicerie salée,€1.35,Aides culinaires,Bouillons et chapelures,89,2024-11-28 14:02
3380380105647 - Pleniday - Sablés sésame - 100g - 7830 - 9675328946503,9675328946503,€0.98,Sablés sésame - 100g,18/4/2025,312,€3.68,Épicerie sucrée,€1.84,Biscuits et gâteaux,Biscuits nature et fruit,99,2025-01-05 13:50
3760287220832 - NüMorning - Pink Chaï superfood Latte bio - 125g - 7820 - 9675329405255,9675329405255,€2.70,Pink Chaï superfood Latte bio - 125g,18/3/2027,372,€8.99,Boissons,€8.09,Boissons chaudes,Thés et matés,12,2025-04-01 15:47
3363796600210 - Thés de la Pagode - Coffret découverte 3 thés et infusions bio - 25 sachets - 7798 - 9675329438023,9675329438023,€5.78,Coffret découverte 3 thés et infusions bio - 25 sachets,31/12/2025,31,€17.15,Boissons,€15.43,Boissons chaudes,Thés et matés,4,2024-10-31 14:12
3760287220160 - NüMorning - Superfood latte Moon milk bio - 125g - 7834 - 9675329470791,9675329470791,€3.00,Superfood latte Moon milk bio - 125g,6/3/2027,238,€9.99,Boissons,€8.99,Boissons chaudes,Infusions et tisanes,16,2024-11-18 20:42
3363796600234 - Thés de la Pagode - Thé noir aux épices d'hiver bio - 50g - 7836 - 9675329503559,9675329503559,€3.45,Thé noir aux épices d'hiver bio - 50g,30/10/2026,36,€10.30,Boissons,€9.27,Boissons chaudes,Thés et matés,3,2025-03-01 20:32
3469670501090 - Favols - Confiture abricot calisson - 260g  - 7785 - 9684439925063,9684439925063,€1.32,Confiture abricot calisson - 260g ,4/1/2026,66,€5.26,Épicerie sucrée,€4.21,Pâtes à tartiner / Miels / Confitures,Confitures,53,2025-01-07 06:28
3330720521699 - Lucien Georgelin - Confit de figue aux noix du Périgord - 150g - 7800 - 9684440121671,9684440121671,€0.66,Confit de figue aux noix du Périgord - 150g,14/10/2025,126,€2.52,Épicerie salée,€2.02,Épices et condiments,Condiments,219,2024-10-31 23:24
3363796000270 - Thés de la Pagode - Calendrier de l'avent  - 7793 - 9688603263303,9688603263303,€7.05,Calendrier de l'avent ,6/10/2026,39,€24.90,Boissons,€21.16,Boissons chaudes,Thés et matés,8,2024-10-31 23:24
3363796367656 - Thés de la Pagode - Thé noir neiges éternelles -100g - 7837 - 9688603296071,9688603296071,€5.60,Thé noir neiges éternelles -100g,30/10/2025,17,€17.90,Boissons,€16.11,Boissons chaudes,Thés et matés,2,2025-03-10 19:05
3760341006877 - Endro Cosmétiques - Baume à lèvres fruits rouges bio - 15ml - 7841 - 9694516773191,9694516773191,€1.00,Baume à lèvres fruits rouges bio - 15ml,,108,€7.90,Hygiène et santé,€3.95,Corps,Maquillage et parfums,95,2024-11-17 15:44
3760061221925 - Beroia - Lait corps à la rose bio - 200ml - 7845 - 9694516838727,9694516838727,€2.50,Lait corps à la rose bio - 200ml,,153,€14.50,Hygiène et santé,€8.70,Corps,Crèmes/ soins/ exfoliants,53,2025-02-08 14:00
3760341004118 - Endro Cosmétiques - Crème corps Douceur Iodée bio - 100ml - 7851 - 9696967131463,9696967131463,€1.50,Crème corps Douceur Iodée bio - 100ml,,98,€15.90,Hygiène et santé,€11.13,Corps,Crèmes/ soins/ exfoliants,23,2025-02-03 21:47
3770013899058 - Endro Cosmétiques - Dentifrice à la menthe bio - 100ml - 7852 - 9696967196999,9696967196999,€1.50,Dentifrice à la menthe bio - 100ml,31/12/2025,34,€10.60,Hygiène et santé,€7.42,Dentaire,Dentifrices,37,2025-02-12 08:46
3760287220184 - NüMorning - Superfood latte Magic Golden - 125g - 7857 - 9696967393607,9696967393607,€3.00,Superfood latte Magic Golden - 125g,18/3/2027,238,€9.99,Boissons,€8.99,Boissons chaudes,Infusions et tisanes,11,2024-11-02 20:19
3660902006127 - La Pointe de Penmarc'h - Sardines à l'ancienne à l'huile d'olive et écorces d'agrumes semi-confites - 115g - 7855 - 9696967426375,9696967426375,€1.25,Sardines à l'ancienne à l'huile d'olive et écorces d'agrumes semi-confites - 115g,1/8/2025,139,€3.95,Épicerie salée,€3.56,Conserves/bocaux et plats cuisinés,Produits de la mer,349,2025-01-05 13:50
3770004283231 - Secrets des Fées - Gommage corps café 200g  - 7860 - 9704182677831,9704182677831,€3.13,Gommage corps café 200g ,12/6/2025,50,€12.50,Hygiène et santé,€8.75,Corps,Crèmes/ soins/ exfoliants,6,2025-02-06 08:11
3760341002749 - Endro Cosmétiques - Gommage visage - 100ml - 7861 - 9704182808903,9704182808903,€1.50,Gommage visage - 100ml,31/12/2025,22,€14.90,Hygiène et santé,€8.94,Corps,Crèmes/ soins/ exfoliants,20,2025-02-02 12:14
3760325480587 - Omie - Pesto vert saveur basilic et ail bio - 180g - 7869 - 9709184614727,9709184614727,,Pesto vert saveur basilic et ail bio - 180g,5/6/2025,0,€4.80,Épicerie salée,€3.36,Sauces,Pestos,235,2024-11-04 22:23
3770013238130 - Les Bio Frères - Vitamine B9 Vegan acide folique - 36g - 7938 - 9718299427143,9718299427143,€5.38,Vitamine B9 Vegan acide folique - 36g,30/6/2025,171,€19.90,Hygiène et santé,€14.93,Santé,Compléments alimentaires,8,2024-11-04 22:23
3760153841628 - Les Niçois - Sauce barbecue - 120 g  - 7945 - 9718299623751,9718299623751,€1.32,Sauce barbecue - 120 g ,30/6/2025,66,€3.99,Épicerie salée,€3.59,Sauces,Autres sauces,16,2025-02-10 08:17
3760153841611 - Les Niçois - Sauce ketchup -  120g - 7922 - 9718299787591,9718299787591,€1.32,Sauce ketchup -  120g,24/7/2025,82,€3.99,Épicerie salée,€3.59,Sauces,Ketchup/ mayonnaises/ moutardes,21,2024-12-04 17:12
3700292880508 - Boutique Nature - Gel d'aloe vera bio - 150ml - 7887 - 9729496318279,9729496318279,€1.80,Gel d'aloe vera bio - 150ml,,4,€11.45,Hygiène et santé,€6.87,Corps,Crèmes/ soins/ exfoliants,35,2025-01-20 19:41
3700292880621 - Boutique Nature - Démaquillant solide bio - 50ml - 7880 - 9729496351047,9729496351047,€2.47,Démaquillant solide bio - 50ml,,40,€11.50,Hygiène et santé,€6.33,Visage,Nettoyants et démaquillants,13,2025-02-07 12:53
3592860018457 - Bornibus - Tartinade aux câpres - 230g - 7925 - 9732733436231,9732733436231,€1.50,Tartinade aux câpres - 230g,10/5/2025,19,€6.99,Épicerie salée,€4.89,Apéritifs,Tartinades,25,2024-11-07 22:10
3592860018730 - Bornibus - Sauce basilic - 250g - 7921 - 9732733468999,9732733468999,€1.48,Sauce basilic - 250g,16/2/2025,32,€5.90,Épicerie salée,€2.95,Sauces,Pestos,67,2025-01-21 09:52
3609060004255 - Ibo - Vinaigre balsamique de pomme à la framboise bio - 250ml - 7936 - 9732733501767,9732733501767,€1.91,Vinaigre balsamique de pomme à la framboise bio - 250ml,,74,€7.09,Épicerie salée,€5.67,Huiles et vinaigres,Vinaigres,14,2025-02-02 11:04
3700292877867 - Boutique Nature - Gel Aloe vera bio - 125ml - 7886 - 9732733567303,9732733567303,€2.66,Gel Aloe vera bio - 125ml,,70,€10.10,Hygiène et santé,€7.07,Corps,Crèmes/ soins/ exfoliants,5,2025-03-14 11:10
3760207119161 - Énergie Fruit - Huile d'or végétal bio - 100ml - 7891 - 9732733600071,9732733600071,€3.20,Huile d'or végétal bio - 100ml,31/12/2025,50,€12.49,Hygiène et santé,€8.12,Corps,Crèmes/ soins/ exfoliants,26,2025-02-05 08:03
3760207118553 - Énergie Fruit - Lait douceur pêche blanche et eau de riz bio - 200ml - 7896 - 9732733632839,9732733632839,€1.52,Lait douceur pêche blanche et eau de riz bio - 200ml,,36,€6.72,Hygiène et santé,€4.04,Corps,Crèmes/ soins/ exfoliants,20,2025-02-09 17:09
3760207118577 - Énergie Fruit - Huile aux 7 merveilles bio - 100ml - 7890 - 9735788888391,9735788888391,€3.20,Huile aux 7 merveilles bio - 100ml,,48,€12.49,Hygiène et santé,€8.12,Corps,Crèmes/ soins/ exfoliants,19,2025-02-05 22:32
3770010805007 - Mulebar - Barre ananas coco baies de goji - 40g - 7872 - 9735788986695,9735788986695,€0.62,Barre ananas coco baies de goji - 40g,15/5/2025,157,€2.50,Épicerie sucrée,€1.88,Biscuits et gâteaux,Barres de céréales et energy balls,126,2024-11-17 11:40
3760207117310 - Énergie Fruit - Gel douche hygiène intime bio - 7888 - 9735789019463,9735789019463,€1.15,Gel douche hygiène intime bio,,64,€4.45,Hygiène et santé,€4.01,Intime,Nettoyants intimes,11,2025-02-19 23:04
3609060004279 - Ibo - Vinaigre balsamique de pomme à la grenade bio - 250ml - 7937 - 9735789084999,9735789084999,€1.91,Vinaigre balsamique de pomme à la grenade bio - 250ml,,222,€7.09,Épicerie salée,€5.67,Huiles et vinaigres,Vinaigres,26,2024-11-10 17:45
3760207119437 - Énergie Fruit - Soin exfoliant solide éclat de noix & huile amande douce parfum cacao - 54g - 7923 - 9735789150535,9735789150535,€1.40,Soin exfoliant solide éclat de noix & huile amande douce parfum cacao - 54g,,22,€6.49,Hygiène et santé,€4.87,Corps,Crèmes/ soins/ exfoliants,64,2024-11-30 20:47
3700292879687 - Boutique Nature - Huile essentielle Géranium Rosat bio - 10ml - 7894 - 9735789216071,9735789216071,€3.05,Huile essentielle Géranium Rosat bio - 10ml,30/6/2027,1,€14.30,Hygiène et santé,€9.30,Aromathérapie,Huiles essentielles,29,2025-02-05 19:22
3700292880249 - Boutique Nature - Vitamines A D3 E - flacon compte gouttes - 10ml - 7939 - 9735789281607,9735789281607,€2.58,Vitamines A D3 E - flacon compte gouttes - 10ml,31/7/2025,55,€11.00,Hygiène et santé,€7.70,Santé,Compléments alimentaires,22,2025-02-17 20:24
3760269770584 - Anathéa - Nuit calme - 45 gélules - 7913 - 9738962731335,9738962731335,€6.23,Nuit calme - 45 gélules,31/5/2026,128,€24.90,Hygiène et santé,€16.18,Santé,Compléments alimentaires,6,2024-12-04 15:58
3760269770676 - Anathéa - Régul'faim - 210g - 7918 - 9738962764103,9738962764103,€7.48,Régul'faim - 210g,28/2/2026,94,€29.90,Hygiène et santé,€20.93,Santé,Compléments alimentaires,1,2025-03-14 10:50
3700292879571 - Boutique Nature - Huile essentielle d'estragon bio - 5ml - 7892 - 9738962829639,9738962829639,€2.57,Huile essentielle d'estragon bio - 5ml,30/4/2027,43,€9.50,Hygiène et santé,€6.65,Aromathérapie,Huiles essentielles,8,2024-11-14 14:03
3760207119154 - Énergie Fruit - Lait corp absorption rapide Fleur de cerisier et pulpe framboise bio - 200ml - 7942 - 9738962895175,9738962895175,€1.70,Lait corp absorption rapide Fleur de cerisier et pulpe framboise bio - 200ml,30/11/2025,36,€6.49,Hygiène et santé,€4.54,Corps,Crèmes/ soins/ exfoliants,19,2025-02-09 17:09
3760207118560 - Énergie Fruit - Lait corps scintillant bio - 200ml - 7895 - 9738962927943,9738962927943,€1.45,Lait corps scintillant bio - 200ml,,42,€6.72,Hygiène et santé,€5.04,Corps,Crèmes/ soins/ exfoliants,10,2025-02-20 16:51
3760269770768 - Anathéa - Anathéa Brûleur de graisses - 37g - 7947 - 9746849038663,9746849038663,€6.23,Anathéa Brûleur de graisses - 37g,31/7/2026,118,€24.90,Hygiène et santé,€16.18,Santé,Compléments alimentaires,10,2025-02-05 14:38
3760269770751 - Anathéa - Regul calories - 38g - 7917 - 9746849071431,9746849071431,€5.73,Regul calories - 38g,31/5/2026,128,€22.90,Hygiène et santé,€14.88,Santé,Compléments alimentaires,3,2025-02-14 01:18
3760269770621 - Anathéa - Draineur ananas - 500ml - 7883 - 9746849104199,9746849104199,€4.98,Draineur ananas - 500ml,31/5/2026,64,€19.90,Hygiène et santé,€12.94,Santé,Compléments alimentaires,12,2025-02-05 10:07
3760269770812 - Anathéa - Transit facile - 39g - 7935 - 9746849136967,9746849136967,€4.98,Transit facile - 39g,31/5/2026,121,€19.90,Hygiène et santé,€12.94,Santé,Compléments alimentaires,6,2025-03-15 20:59
6767676767679 - Campistron - Tartinade de foie de canard à la truffe d'été - 120g - 7926 - 9749425783111,9749425783111,€2.03,Tartinade de foie de canard à la truffe d'été - 120g,7/10/2028,26,€8.56,Épicerie salée,€6.42,Apéritifs,Tartinades,27,2025-01-18 18:26
6767676767666 - Campistron - Délice Landais au foie de canard (20% foie gras) - 180g - 7878 - 9749425848647,9749425848647,€2.84,Délice Landais au foie de canard (20% foie gras) - 180g,13/10/2027,1,€9.95,Épicerie salée,€8.46,Apéritifs,Tartinades,11,2025-01-24 18:54
"6767676767659 - Campistron - Tartinade façon Houmous (Butternut, Oignon, Sésame) - 80g - 7929 - 9749426045255",9749426045255,€1.18,"Tartinade façon Houmous (Butternut, Oignon, Sésame) - 80g",8/2/2028,102,€3.90,Épicerie salée,€3.51,Apéritifs,Tartinades,29,2025-01-25 09:37
6767676767652 - Campistron - Écrasé de pomme de terre à la truffe - 180g - 7884 - 9749426078023,9749426078023,€2.03,Écrasé de pomme de terre à la truffe - 180g,4/4/2028,48,€6.90,Épicerie salée,€6.21,Apéritifs,Tartinades,33,2025-02-03 13:32
6767676767642 - Campistron - Caviar de légumes du Soleil - 80g - 7876 - 9749426176327,9749426176327,€1.18,Caviar de légumes du Soleil - 80g,8/2/2028,40,€3.90,Épicerie salée,€3.51,Apéritifs,Tartinades,13,2025-02-09 21:53
6767676767656 - Campistron - Terrine vigneronne - 180g - 7934 - 9752048304455,9752048304455,€1.78,Terrine vigneronne - 180g,4/10/2028,64,€5.90,Épicerie salée,€5.31,Apéritifs,Tartinades,25,2025-01-19 13:58
6767676767641 - Campistron - Tartinade de légumes façon houmous - 120g - 7928 - 9752981111111,9752981111111,€1.58,Tartinade de légumes façon houmous - 120g,17/6/2028,22,€5.19,Épicerie salée,€4.67,Apéritifs,Tartinades,3,2025-02-25 17:51
3760137110610 - Biorganica - Savon solide à l'huile d'argan et argile rose bio - 100g - 7952 - 9774037631303,9774037631303,€1.96,Savon solide à l'huile d'argan et argile rose bio - 100g,,197,€9.80,Hygiène et santé,€6.86,Corps,Savons solides,54,2025-02-08 14:00
3760137110627 - Biorganica - Huile d'argan pure bio - 50ml - 7949 - 9774037696839,9774037696839,€5.00,Huile d'argan pure bio - 50ml,1/5/2025,4,€25.00,Hygiène et santé,€17.50,Visage,Crèmes et soins visage,21,2025-02-02 22:00
3760240724506 - Bio de Manon - Amandes curry bio - 200g - 7956 - 9803174379847,9803174379847,€1.87,Amandes curry bio - 200g,31/10/2026,361,€7.50,Épicerie salée,€5.63,Apéritifs,Fruits secs salés,42,2025-02-01 12:28
"3572731401380 - Modilac - Lait 3ème âge croissance, 12/36mois - 400g - 7958 - 9803174445383",9803174445383,€3.25,"Lait 3ème âge croissance, 12/36mois - 400g",1/10/2025,12,€13.15,Bébé,€9.86,Alimentation bébé,Laits infantiles,3,2025-01-10 07:12
3760240724513 - Bio de Manon - Noix de cajou au chili bio - 200g - 7959 - 9803174478151,9803174478151,€1.73,Noix de cajou au chili bio - 200g,31/10/2026,189,€6.90,Épicerie salée,€5.18,Apéritifs,Fruits secs salés,60,2025-02-05 11:23
3572731402905 - Modilac - Lait deuxième âge Précision 2 - 400g - 7963 - 9811434144071,9811434144071,€3.30,Lait deuxième âge Précision 2 - 400g,2/4/2025,34,€13.15,Bébé,€6.58,Alimentation bébé,Laits infantiles,2,2025-04-02 16:52
3760325482437 - Omie - Pesto rouge bio - 190g - 7965 - 9811434176839,9811434176839,€1.02,Pesto rouge bio - 190g,19/7/2025,111,€4.45,Épicerie salée,€3.12,Sauces,Pestos,78,2024-12-03 11:43
3760325484271 - Omie - Houmous haricots blancs et tomates bio - 90g - 7962 - 9811434209607,9811434209607,€0.85,Houmous haricots blancs et tomates bio - 90g,27/7/2025,115,€3.70,Épicerie salée,€2.59,Apéritifs,Tartinades,141,2025-01-07 07:54
8411719972809 - Tris Tras - Pansements 3 tailles hypoallergéniques - x30 - 7964 - 9811434242375,9811434242375,€0.29,Pansements 3 tailles hypoallergéniques - x30,,144,€1.50,Hygiène et santé,€1.05,Santé,Parapharmacie,64,2024-12-04 11:35
3517360022018 - So Bio - Fard à paupières 01 beige lumière bio - 3ml - 7967 - 9814553067847,9814553067847,€1.07,Fard à paupières 01 beige lumière bio - 3ml,,11,€15.90,Hygiène et santé,€4.77,Corps,Maquillage et parfums,15,2025-03-14 09:28
3517360022056 - So Bio - Fard à paupières 05 noir onyx bio - 3ml - 7971 - 9814553100615,9814553100615,€1.07,Fard à paupières 05 noir onyx bio - 3ml,,21,€15.90,Hygiène et santé,€4.77,Corps,Maquillage et parfums,8,2025-03-21 18:50
3517360022070 - So Bio - Fard à paupières 06 blanc strass bio - 3ml - 7972 - 9814553133383,9814553133383,€1.07,Fard à paupières 06 blanc strass bio - 3ml,,17,€15.90,Hygiène et santé,€4.77,Corps,Maquillage et parfums,8,2025-02-05 08:43
3517360022025 - So Bio - Fard à paupières 02 brun solaire bio - 3ml - 7968 - 9814553166151,9814553166151,€1.07,Fard à paupières 02 brun solaire bio - 3ml,,12,€15.90,Hygiène et santé,€4.77,Corps,Maquillage et parfums,15,2025-02-06 09:04
3517360022032 - So Bio - Fard à paupières 03 gris précieux bio - 3ml - 7969 - 9814553198919,9814553198919,€1.07,Fard à paupières 03 gris précieux bio - 3ml,,15,€15.90,Hygiène et santé,€4.77,Corps,Maquillage et parfums,13,2025-03-14 09:00
3517360022049 - So Bio - Fard à paupières 04 rose tendresse bio - 3ml - 7970 - 9814553231687,9814553231687,€1.07,Fard à paupières 04 rose tendresse bio - 3ml,,20,€15.90,Hygiène et santé,€7.95,Corps,Maquillage et parfums,3,2025-03-01 21:14
3291960016126 - Emma Noël - Huile de ricin bio - 100ml - 7973 - 9814553264455,9814553264455,€3.49,Huile de ricin bio - 100ml,28/4/2025,22,€13.22,Hygiène et santé,€9.26,Cheveux,Masques et soins,14,2025-03-14 18:02
8411719962091 - Tris Tras - Pansements 2 tailles transparents - x20 - 7981 - 9814553493831,9814553493831,€0.33,Pansements 2 tailles transparents - x20,30/4/2028,13,€1.50,Hygiène et santé,€0.83,Santé,Parapharmacie,85,2024-12-05 19:27
4046871009625 - Bel Nature - Bâtonnets ouatés tige en papier - x200 - 7966 - 9814553526599,9814553526599,€0.44,Bâtonnets ouatés tige en papier - x200,,66,€1.50,Hygiène et santé,€1.35,Visage,Cotons et coton-tiges,55,2024-12-10 22:46
0741049190139 - Pink Sun - Bière sans alcool West coast IPA - 33cl - 7980 - 9816792793415,9816792793415,€0.89,Bière sans alcool West coast IPA - 33cl,30/4/2026,115,€3.50,Boissons,€2.80,Boissons alcoolisées,Apéritifs sans alcool,128,2024-11-28 14:02
3760240725336 - Bio de Manon - Arachides chouchou bio - 200g - 7978 - 9816792891719,9816792891719,€1.07,Arachides chouchou bio - 200g,31/10/2026,95,€4.30,Épicerie sucrée,€3.22,Chocolat et confiseries,Confiseries et chewing-gum,36,2024-11-27 21:52
3077317619901 - Phebus - Vinaigre de nettoyage parfum pomme - 1L - 7986 - 9819765113159,9819765113159,€1.13,Vinaigre de nettoyage parfum pomme - 1L,,32,€3.95,Maison,€3.56,Entretien et ménage,Nettoyants surface et sol,6,2025-02-22 13:43
3077317519904 - Phebus - Vinaigre de nettoyage parfum citron - 1L - 7985 - 9819765145927,9819765145927,€1.13,Vinaigre de nettoyage parfum citron - 1L,,23,€3.95,Maison,€3.56,Entretien et ménage,Nettoyants surface et sol,11,2025-02-03 04:07
8411719463000 - Tris Tras - Sparadrap transparent - 5m x 2.5cm - 7996 - 9830200475975,9830200475975,€0.39,Sparadrap transparent - 5m x 2.5cm,31/12/2028,14,€1.70,Hygiène et santé,€1.36,Santé,Parapharmacie,77,2025-02-01 16:04
8411719962657 - Tris Tras - Pansements hypoallergéniques enfants 2 tailles - x20 - 7993 - 9830200574279,9830200574279,€0.33,Pansements hypoallergéniques enfants 2 tailles - x20,30/11/2028,55,€1.50,Hygiène et santé,€1.13,Santé,Parapharmacie,36,2024-12-05 19:27
8411719962053 - Tris Tras - Pansements transparents hypoallergéniques 3 tailles - x20 - 7994 - 9830200639815,9830200639815,€0.28,Pansements transparents hypoallergéniques 3 tailles - x20,31/12/2028,6,€1.50,Hygiène et santé,€0.98,Santé,Parapharmacie,55,2024-12-04 15:58
3760014291999 - Ciro - Mini gressins au sésame - 100g - 8000 - 9844768276807,9844768276807,€0.70,Mini gressins au sésame - 100g,17/6/2025,63,€2.46,Épicerie salée,€2.09,Apéritifs,Chips et gâteaux,133,2025-02-01 09:53
8032755622567 - Planters - Crème visage 24h lifting à l'aloe vera - 50ml - 8024 - 9849241370951,9849241370951,€3.38,Crème visage 24h lifting à l'aloe vera - 50ml,,13,€26.90,Hygiène et santé,€14.79,Visage,Crèmes et soins visage,17,2024-12-23 21:37
5425032390991 - Nutriméa - Konjac - 90 gélules - 8160 - 9849241469255,9849241469255,€5.40,Konjac - 90 gélules,1/4/2025,26,€19.00,Hygiène et santé,€9.50,Santé,Compléments alimentaires,33,2025-02-18 15:01
3760257881216 - Pachamamai - Baume solide pour les mains recharge - 20g - 8007 - 9849241567559,9849241567559,€3.38,Baume solide pour les mains recharge - 20g,,11,€16.00,Hygiène et santé,€8.80,Corps,Mains et pieds,10,2025-02-04 20:39
3760160050075 - Les Ânes d'Autan - Liniment oléo-calcaire bio - 200ml - 8046 - 9849241928007,9849241928007,€3.49,Liniment oléo-calcaire bio - 200ml,1/3/2025,16,€15.00,Bébé,€7.50,Hygiène bébé,Bain et soin,8,2025-03-02 19:41
3760213050229 - Karethic - Soin contour des yeux nectar de jeunesse bio - 15ml - 8059 - 9849242353991,9849242353991,€3.95,Soin contour des yeux nectar de jeunesse bio - 15ml,,70,€20.50,Hygiène et santé,€12.30,Visage,Crèmes et soins visage,20,2025-03-07 13:59
3760099312527 - Prim Soins - Gel d'Aloé vera pur 97.8 bio - 150ml - 8070 - 9849242583367,9849242583367,€2.90,Gel d'Aloé vera pur 97.8 bio - 150ml,,40,€12.49,Hygiène et santé,€8.74,Corps,Crèmes/ soins/ exfoliants,16,2025-02-13 00:36
3416387770356 - Mint-e - Lait démaquillant et nettoyant Onecleanse bio - 150ml - 8071 - 9849242681671,9849242681671,€4.67,Lait démaquillant et nettoyant Onecleanse bio - 150ml,,26,€21.75,Hygiène et santé,€11.96,Visage,Nettoyants et démaquillants,4,2025-03-16 12:08
3760339601916 - Les petits prodiges - Déodorant linge propre - 40g - 8028 - 9849242845511,9849242845511,€2.27,Déodorant linge propre - 40g,,8,€10.90,Hygiène et santé,€8.18,Corps,Déodorants,19,2025-02-07 12:53
3700847802115 - Namaki - Coffret 3 vernis Aurore Boréale - 8013 - 9849243009351,9849243009351,€3.24,Coffret 3 vernis Aurore Boréale,,6,€18.90,Hygiène et santé,€12.29,Corps,Maquillage et parfums,7,2025-02-22 13:35
3760029845071 - Biofloral - Granules Bourgeon marronnier bio - 10g - 8038 - 9849243140423,9849243140423,€2.52,Granules Bourgeon marronnier bio - 10g,1/9/2031,19,€10.76,Hygiène et santé,€7.53,Santé,Compléments alimentaires,4,2025-02-19 20:31
3094904500404 - Syntholkiné - Crème gel de massage - 75ml - 8019 - 9849243402567,9849243402567,€1.85,Crème gel de massage - 75ml,1/10/2025,3,€7.49,Hygiène et santé,€6.37,Santé,Parapharmacie,10,2025-02-11 15:11
3770023147132 - Balade en Provence - Baume contour des yeux bio - 18g - 8006 - 9849243533639,9849243533639,€1.60,Baume contour des yeux bio - 18g,,25,€20.00,Hygiène et santé,€11.00,Visage,Crèmes et soins visage,37,2025-02-04 22:05
3770022507104 - Crusoe - Roll-on anti moustiques bébé - 40ml - 8053 - 9849243566407,9849243566407,€3.01,Roll-on anti moustiques bébé - 40ml,1/4/2026,29,€14.90,Maison,€10.43,Accessoires ménagers,Insecticides peau et textile,7,2025-03-01 00:28
3568312001629 - Prim Aloe - Eau micellaire apaisante aloé vera bio - 250ml - 8032 - 9849243631943,9849243631943,€2.94,Eau micellaire apaisante aloé vera bio - 250ml,,3,€11.99,Hygiène et santé,€7.79,Visage,Nettoyants et démaquillants,18,2025-03-10 19:25
3560610777725 - LT Labo - Dolgiline bio - 60 gélules - 8030 - 9849243861319,9849243861319,€6.09,Dolgiline bio - 60 gélules,1/12/2026,16,€22.95,Hygiène et santé,€13.77,Santé,Compléments alimentaires,3,2025-03-14 19:46
3770016211284 - Les Spiruvores - Spiruline paillettes bio - 90g - 8062 - 9849243992391,9849243992391,€5.81,Spiruline paillettes bio - 90g,1/12/2025,17,€24.19,Hygiène et santé,€13.30,Santé,Superaliments,33,2025-03-12 00:23
3760102774953 - Deva - Composé floral Emotions de la grossesse bio - 30ml - 8016 - 9849244057927,9849244057927,€4.69,Composé floral Emotions de la grossesse bio - 30ml,1/12/2026,16,€18.30,Hygiène et santé,€13.72,Aromathérapie,Eaux florales,1,2025-02-19 12:36
3770025989013 - Calypso - Brume micellaire - 100ml - 8012 - 9849244123463,9849244123463,€3.13,Brume micellaire - 100ml,,13,€23.00,Hygiène et santé,€8.05,Visage,Nettoyants et démaquillants,9,2025-03-14 13:52
3760083571206 - Tenzor - Gommage lacté exfoliant visage spiruline bio - 50ml - 8037 - 9849244352839,9849244352839,€3.33,Gommage lacté exfoliant visage spiruline bio - 50ml,,4,€14.90,Hygiène et santé,€8.94,Visage,Crèmes et soins visage,11,2025-02-04 16:38
3760083571138 - Tenzor - Crème hydratante Hydracyane à la spiruline bio - 50ml - 8020 - 9849244418375,9849244418375,€6.13,Crème hydratante Hydracyane à la spiruline bio - 50ml,,18,€27.90,Hygiène et santé,€18.13,Visage,Crèmes et soins visage,4,2025-02-06 15:34
3760087364323 - Alternasucre - Alternasucre Blanc - 280g - 8001 - 9849244516679,9849244516679,€1.61,Alternasucre Blanc - 280g,1/11/2025,36,€5.85,Épicerie sucrée,€4.97,Pâtisserie,Sucres,45,2024-12-23 21:37
3596200064425 - Weleda - Fluide Hydratant 24H Figuier de Barbarie - 30ml  - 8034 - 9849244778823,9849244778823,€4.44,Fluide Hydratant 24H Figuier de Barbarie - 30ml ,1/2/2026,19,€14.90,Hygiène et santé,€10.43,Visage,Crèmes et soins visage,30,2025-03-14 09:38
5060476270166 - Balade en Provence - Savon corporel à la fleur d'oranger bio - 80g - 8054 - 9849244975431,9849244975431,€0.99,Savon corporel à la fleur d'oranger bio - 80g,,11,€10.00,Hygiène et santé,€5.50,Corps,Savons solides,42,2025-01-13 15:19
8032755620853 - Planters - Shampoing discipline Aloe vera - 200ml - 8075 - 9849245040967,9849245040967,€1.29,Shampoing discipline Aloe vera - 200ml,,4,€9.54,Hygiène et santé,€4.30,Cheveux,Shampoings liquides,27,2025-02-09 16:29
3770016211468 - Les Spiruvores - Spiruline paillettes bio - 40g - 8061 - 9849245204807,9849245204807,€3.28,Spiruline paillettes bio - 40g,1/12/2025,92,€14.00,Hygiène et santé,€9.10,Santé,Superaliments,4,2025-02-06 07:14
8032755624455 - Planters - Crème de jour peaux matures Aloe vera - 50ml  - 8068 - 9849245499719,9849245499719,€2.49,Crème de jour peaux matures Aloe vera - 50ml ,,116,€27.00,Hygiène et santé,€14.85,Visage,Crèmes et soins visage,54,2025-01-12 22:02
3401360192546 - Weleda - Gel nettoyant purifiant - 100ml - 8036 - 9849245761863,9849245761863,€3.04,Gel nettoyant purifiant - 100ml,1/2/2026,9,€10.90,Hygiène et santé,€7.63,Visage,Nettoyants et démaquillants,10,2025-03-14 13:52
8032755622543 - Planters - Crème visage 24h matifiante Aloe vera - 50ml - 8025 - 9849245925703,9849245925703,€3.00,Crème visage 24h matifiante Aloe vera - 50ml,,126,€24.00,Hygiène et santé,€9.60,Visage,Crèmes et soins visage,29,2025-02-08 12:04
3700343046082 - Acorelle - Crème solaire bébé SPF 50 bio - 50ml - 8021 - 9849246155079,9849246155079,€4.03,Crème solaire bébé SPF 50 bio - 50ml,1/12/2025,4,€19.95,Hygiène et santé,€13.96,Corps,Solaire,19,2025-02-16 21:11
5404024906594 - Nutriméa - Vitamine D3 - x60 gélules - 8066 - 9849246286151,9849246286151,€3.77,Vitamine D3 - x60 gélules,1/2/2026,53,€13.90,Hygiène et santé,€10.43,Santé,Compléments alimentaires,23,2024-12-14 22:59
8032755624462 - Planters - Crème de nuit revitalisante Anti-âge Aloe vera  - 50ml - 8018 - 9849246351687,9849246351687,€2.98,Crème de nuit revitalisante Anti-âge Aloe vera  - 50ml,,61,€28.80,Hygiène et santé,€11.52,Visage,Crèmes et soins visage,65,2025-01-12 22:02
3760087905335 - Oléanat - Beurre de karité sans parfum - 8008 - 9849246744903,9849246744903,€2.62,Beurre de karité sans parfum,,8,€12.90,Hygiène et santé,€7.74,Corps,Crèmes/ soins/ exfoliants,31,2025-02-05 12:25
807205115108 - Natures Plus - Bioflavonoïdes 500mg - 60 comprimés - 8009 - 9849246908743,9849246908743,€3.34,Bioflavonoïdes 500mg - 60 comprimés,1/1/2026,3,€13.50,Hygiène et santé,€8.77,Santé,Compléments alimentaires,17,2025-03-19 17:36
3568312001803 - Beliflor - Après-shampoing crème détox bio - 150ml - 8003 - 9849247170887,9849247170887,€2.77,Après-shampoing crème détox bio - 150ml,,16,€12.25,Hygiène et santé,€7.35,Cheveux,Masques et soins,5,2025-03-14 10:14
59085676 - Schmidt's - Déodorant Stick Bergamote et Lime - 40ml - 8029 - 9849247400263,9849247400263,€1.82,Déodorant Stick Bergamote et Lime - 40ml,,5,€12.90,Hygiène et santé,€7.10,Corps,Déodorants,72,2025-01-21 09:52
5425032391110 - Nutriméa - Griffonia 5-HTP - 90 gélules - 8039 - 9849247596871,9849247596871,€4.49,Griffonia 5-HTP - 90 gélules,1/10/2025,38,€17.90,Hygiène et santé,€14.32,Santé,Compléments alimentaires,16,2025-02-03 21:50
5425032391011 - Nutriméa - Biotine - 120 gélules - 8010 - 9849247531335,9849247531335,€4.13,Biotine - 120 gélules,1/3/2026,13,€15.90,Hygiène et santé,€12.72,Santé,Compléments alimentaires,22,2025-02-16 19:07
3770014111807 - PourDemain - Haricots rouges en conserve - 265g - 8040 - 9849247760711,9849247760711,€0.90,Haricots rouges en conserve - 265g,25/8/2026,68,€2.75,Épicerie salée,€2.48,Conserves/bocaux et plats cuisinés,Légumes,115,2025-02-01 12:28
3269712401605 - Le Voyage de Mamabé - Tartinable aux haricots frijoles refritos bio - 100g - 8077 - 9849247662407,9849247662407,€0.87,Tartinable aux haricots frijoles refritos bio - 100g,22/6/2025,125,€3.35,Épicerie salée,€2.68,Apéritifs,Tartinades,28,2025-02-01 15:20
3269712190035 - le coq noir - Pâte de colombo bio - 80g - 8194 - 9849247793479,9849247793479,€3.97,Pâte de colombo bio - 80g,2/4/2025,10,€15.25,Épicerie salée,€7.63,Épices et condiments,Épices et aromates,18,2025-02-06 22:12
3760014291647 - Ciro - Mini gressins à l'huile d'olive - 100g - 8048 - 9849247924551,9849247924551,€0.70,Mini gressins à l'huile d'olive - 100g,18/6/2025,107,€2.36,Épicerie salée,€2.12,Apéritifs,Chips et gâteaux,85,2025-01-25 09:37
8032755622536 - Planters - Crème visage 24h anti rides Aloe vera - 50 ml - 8069 - 9850152288583,9850152288583,€3.37,Crème visage 24h anti rides Aloe vera - 50 ml,,97,€24.60,Hygiène et santé,€13.53,Visage,Crèmes et soins visage,33,2025-02-02 21:55
3760083571145 - Tenzor - Crème hydratante riche Hydracyane Spiruline bio - 50ml - 8114 - 9852527673671,9852527673671,€6.13,Crème hydratante riche Hydracyane Spiruline bio - 50ml,,10,€27.90,Hygiène et santé,€20.92,Visage,Crèmes et soins visage,5,2024-12-11 11:18
3489940249316 - Cosmo Naturel - Baume démêlant karité verveine et citron - 200ml - 8082 - 9852527771975,9852527771975,€2.42,Baume démêlant karité verveine et citron - 200ml,,10,€10.50,Hygiène et santé,€7.35,Cheveux,Masques et soins,13,2025-03-01 08:36
3700445920358 - Harmonie Verte - Assouplissant concentré menthe et cèdre - 1.5L - 8079 - 9852527837511,9852527837511,€1.53,Assouplissant concentré menthe et cèdre - 1.5L,,95,€6.65,Maison,€5.32,Linge,Assouplissants,57,2025-01-15 14:47
3489940014129 - Lerutan - Anti-calcaire auto-actif - 500ml - 8078 - 9852527903047,9852527903047,€1.41,Anti-calcaire auto-actif - 500ml,,9,€6.15,Maison,€4.92,Entretien et ménage,Nettoyants surface et sol,42,2024-12-27 21:05
3770016211260 - Les Spiruvores - Spiruline en comprimés bio - x180 - 90g - 8227 - 9852527935815,9852527935815,€6.75,Spiruline en comprimés bio - x180 - 90g,1/12/2025,15,€29.00,Hygiène et santé,€21.75,Santé,Superaliments,27,2025-02-06 11:39
3770017000160 - Sincera - Sauce bolognaise veggie de lentilles - 280g - 8208 - 9852528034119,9852528034119,€1.06,Sauce bolognaise veggie de lentilles - 280g,21/12/2025,109,€4.25,Épicerie salée,€3.19,Sauces,Sauces tomate,113,2025-01-07 07:54
3770016211475 - Les Spiruvores - Spiruline en poudre bio - 40g - 8228 - 9852528099655,9852528099655,€3.53,Spiruline en poudre bio - 40g,1/12/2025,25,€15.00,Hygiène et santé,€11.25,Santé,Superaliments,5,2025-02-28 22:02
3770017000153 - Sincera - Chili sin carne bio - 280g - 8103 - 9852528132423,9852528132423,€1.06,Chili sin carne bio - 280g,20/12/2025,46,€4.25,Épicerie salée,€3.19,Sauces,Sauces tomate,155,2025-01-20 19:41
3760075071769 - Alphanova - Stick solaire bleu SPF 50 sans parfum bio - 8230 - 9852528165191,9852528165191,€3.41,Stick solaire bleu SPF 50 sans parfum bio,,3,€14.50,Hygiène et santé,€8.70,Corps,Solaire,35,2025-02-10 14:02
3770016211277 - Les Spiruvores - Spiruline en poudre bio - 90g - 8229 - 9852528329031,9852528329031,€6.13,Spiruline en poudre bio - 90g,1/12/2025,18,€29.00,Hygiène et santé,€13.05,Santé,Superaliments,12,2025-02-12 15:25
7617014202783 - Café Royal - Espresso décaféiné - 18 capsules - 8126 - 9852528427335,9852528427335,€1.93,Espresso décaféiné - 18 capsules,31/7/2025,97,€5.85,Boissons,€5.26,Boissons chaudes,Cafés et chicorées,24,2025-02-09 10:46
3760160050105 - Les Ânes d'Autan - Shampoing doux au lait frais d'ânesse bio - 250ml - 8224 - 9852528525639,9852528525639,€4.50,Shampoing doux au lait frais d'ânesse bio - 250ml,1/8/2025,23,€20.00,Hygiène et santé,€14.00,Cheveux,Shampoings liquides,3,2025-03-03 18:05
7617014191469 - Café Royal - Ristretto - 10 capsules - 8203 - 9852528623943,9852528623943,€1.09,Ristretto - 10 capsules,31/8/2025,65,€3.30,Boissons,€2.97,Boissons chaudes,Cafés et chicorées,50,2025-02-12 14:08
7640808 - Sedosyl - Gel au réséda - 60ml - 8133 - 9852528722247,9852528722247,€2.31,Gel au réséda - 60ml,,7,€8.90,Hygiène et santé,€6.68,Santé,Parapharmacie,22,2025-02-05 19:16
3701142805122 - Nat&Plantes - Tisane La mélisse bio - 35g - 8237 - 9852528755015,9852528755015,€1.51,Tisane La mélisse bio - 35g,1/9/2025,4,€6.40,Boissons,€4.48,Boissons chaudes,Infusions et tisanes,12,2025-01-23 22:34
7617014204015 - Café Royal - Café en grains Honduras Intenso - 1kg - 8100 - 9852528984391,9852528984391,€7.34,Café en grains Honduras Intenso - 1kg,31/3/2026,14,€22.25,Boissons,€20.03,Boissons chaudes,Cafés et chicorées,218,2025-02-02 11:35
7617014202844 - Café Royal - Café en grains Peru Classico bio - 1kg - 8101 - 9852529017159,9852529017159,€8.89,Café en grains Peru Classico bio - 1kg,31/8/2025,295,€26.95,Boissons,€24.25,Boissons chaudes,Cafés et chicorées,35,2025-01-13 15:19
7617014178187 - Café Royal - Café en grain Espresso bio - 1kg - 8099 - 9852529049927,9852529049927,€9.22,Café en grain Espresso bio - 1kg,30/6/2025,63,€27.95,Boissons,€25.16,Boissons chaudes,Cafés et chicorées,7,2025-02-19 19:56
3489940530018 - Bio Since 1975 - Déodorant en pierre l'alun - 60g - 8119 - 9852529180999,9852529180999,€0.94,Déodorant en pierre l'alun - 60g,,49,€4.09,Hygiène et santé,€3.27,Corps,Déodorants,39,2024-12-23 21:37
3489940560084 - Bio Since 1975 - Gel douche au lait d'ânesse bio - 500ml - 8134 - 9852529312071,9852529312071,€2.75,Gel douche au lait d'ânesse bio - 500ml,,2,€11.95,Hygiène et santé,€9.56,Corps,Gels douche et savons liquides,18,2025-02-08 18:56
3489940072006 - Cebio - Dentifrice menthe fraîcheur bio - 75ml - 8117 - 9852529344839,9852529344839,€1.20,Dentifrice menthe fraîcheur bio - 75ml,,11,€5.20,Hygiène et santé,€4.16,Dentaire,Dentifrices,29,2025-02-06 15:34
3489940063219 - Cosmo Naturel - Gommage visage solide exfoliant bio - 50g - 8142 - 9852529606983,9852529606983,€2.19,Gommage visage solide exfoliant bio - 50g,,17,€9.50,Hygiène et santé,€5.70,Visage,Crèmes et soins visage,22,2025-02-09 15:47
807205104768 - Natures Plus - Ultra Lipo action - x60 comprimés - 8239 - 9852529672519,9852529672519,€6.50,Ultra Lipo action - x60 comprimés,1/6/2026,22,€23.90,Hygiène et santé,€17.93,Santé,Compléments alimentaires,26,2025-02-03 08:30
3489940063226 - Cosmo Naturel - Démaquillant solide ultradoux bio - 30g - 8116 - 9852529705287,9852529705287,€1.96,Démaquillant solide ultradoux bio - 30g,,20,€8.50,Hygiène et santé,€5.10,Visage,Nettoyants et démaquillants,18,2025-02-15 23:11
"3760214630666 - Omum - Infusion La Sauvage verveine, fenouil et rooibos - 20 sachets - 8156 - 9852529738055",9852529738055,€1.68,"Infusion La Sauvage verveine, fenouil et rooibos - 20 sachets",30/10/2025,39,€7.30,Boissons,€5.11,Boissons chaudes,Infusions et tisanes,102,2025-01-17 22:28
"3760214630871 - Omum - Mon Cycle Confort, confort menstruel, digestion et peau - 60 gélules - 8179 - 9852529836359",9852529836359,€6.42,"Mon Cycle Confort, confort menstruel, digestion et peau - 60 gélules",28/2/2026,47,€27.90,Hygiène et santé,€16.74,Santé,Compléments alimentaires,13,2025-03-05 21:42
7617014191483 - Café Royal - Decaffeinato expresso - x10 capsules - 8115 - 9852529869127,9852529869127,€1.16,Decaffeinato expresso - x10 capsules,31/5/2025,103,€3.50,Boissons,€3.15,Boissons chaudes,Cafés et chicorées,5,2025-02-21 08:59
3489940014273 - Lerutan - Désinfectant prêt à l'emploi bio - 500ml - 8120 - 9852529934663,9852529934663,€1.59,Désinfectant prêt à l'emploi bio - 500ml,,88,€6.90,Maison,€6.90,Entretien et ménage,Nettoyants surface et sol,31,2025-02-04 12:57
"3760214630864 - Omum - Mon Cycle Zen, sommeil, humeur et relaxation - 60 gélules - 8180 - 9852530000199",9852530000199,€6.88,"Mon Cycle Zen, sommeil, humeur et relaxation - 60 gélules",28/2/2026,43,€29.90,Hygiène et santé,€17.94,Santé,Compléments alimentaires,9,2025-02-02 09:06
3760083571251 - Tenzor - Lotion micellaire aquacyane spiruline bio - 250ml - 8165 - 9855347917127,9855347917127,€3.51,Lotion micellaire aquacyane spiruline bio - 250ml,,5,€17.50,Hygiène et santé,€8.75,Visage,Nettoyants et démaquillants,12,2025-03-13 20:12
8032755620877 - Planters - Masque discipline aloe vera - 200ml - 8172 - 9855348015431,9855348015431,€2.10,Masque discipline aloe vera - 200ml,,58,€14.67,Hygiène et santé,€6.60,Cheveux,Masques et soins,26,2025-02-07 02:13
3770026344002 - Yoleau - Cocktails aux citrons et infusions de menthe fraîche 4.5° - 33cl - 8106 - 9858379120967,9858379120967,€1.05,Cocktails aux citrons et infusions de menthe fraîche 4.5° - 33cl,30/6/2025,155,€4.00,Boissons,€3.40,Boissons alcoolisées,Bières,50,2025-02-02 19:06
5060476270289 - Balade en Provence - Nettoyant visage bio - 80g - 8187 - 9858379153735,9858379153735,€1.42,Nettoyant visage bio - 80g,,14,€12.90,Hygiène et santé,€7.10,Visage,Nettoyants et démaquillants,9,2025-02-20 23:34
3760211480103 - Laboratoires De Biarritz - Lait solaire SPF 50 bio - 100ml - 8162 - 9858379252039,9858379252039,€5.37,Lait solaire SPF 50 bio - 100ml,,3,€23.90,Hygiène et santé,€19.12,Corps,Solaire,13,2025-02-10 14:02
3665728015568 - Soineo - Pansements absorbants stériles non adhésif 20x25 cm - 10 unités - 8192 - 9858379415879,9858379415879,€3.91,Pansements absorbants stériles non adhésif 20x25 cm - 10 unités,1/12/2026,24,€13.49,Hygiène et santé,€9.44,Santé,Parapharmacie,0,
3665728015551 - Soineo - Pansements absorbants non adhésifs 15x20cm - 10 unités - 8191 - 9858379481415,9858379481415,€2.35,Pansements absorbants non adhésifs 15x20cm - 10 unités,1/12/2026,10,€8.50,Hygiène et santé,€5.95,Santé,Parapharmacie,8,2025-03-14 11:36
3760083571152 - Tenzor - Nutricyane crème extra-riche nutri-hydratante bio - 50ml - 8189 - 9858379514183,9858379514183,€7.00,Nutricyane crème extra-riche nutri-hydratante bio - 50ml,,1,€29.90,Hygiène et santé,€17.94,Visage,Crèmes et soins visage,17,2025-02-04 16:38
8032755621461 - Planters - Masque douceur aloe vera - 200ml - 8173 - 9858379579719,9858379579719,€2.09,Masque douceur aloe vera - 200ml,,56,€11.65,Hygiène et santé,€5.24,Cheveux,Masques et soins,30,2025-02-08 12:04
8032755624479 - Planters - Lotion micellaire pour peaux matures Aloe Vera - 200ml - 8166 - 9858380202311,9858380202311,€1.23,Lotion micellaire pour peaux matures Aloe Vera - 200ml,,47,€10.90,Hygiène et santé,€4.91,Visage,Nettoyants et démaquillants,93,2025-02-11 20:36
3760334800291 - Goliate - Huile de massage au chanvre français bio - 100ml - 8150 - 9858380464455,9858380464455,€5.63,Huile de massage au chanvre français bio - 100ml,1/6/2025,21,€29.90,Hygiène et santé,€17.94,Corps,Crèmes/ soins/ exfoliants,3,2025-02-12 21:35
8032755622598 - Planters - Lait tonique visage yeux et lèvre - 125ml - 8163 - 9858380628295,9858380628295,€1.62,Lait tonique visage yeux et lèvre - 125ml,,224,€9.67,Hygiène et santé,€5.32,Visage,Crèmes et soins visage,30,2025-01-05 14:05
5060476270333 - Balade en Provence - Kit zero déchet bio - 4x20g - 8158 - 9858380890439,9858380890439,€2.47,Kit zero déchet bio - 4x20g,,68,€18.00,Hygiène et santé,€8.10,Corps,Savons solides,35,2025-01-23 19:05
5425032385478 - Nutriméa - Multi-vitamines et minéraux - 90 gélules - 8184 - 9858380955975,9858380955975,€5.23,Multi-vitamines et minéraux - 90 gélules,1/6/2025,15,€17.90,Hygiène et santé,€13.43,Santé,Compléments alimentaires,12,2025-02-26 14:23
807205114323 - Natures Plus - L-glutamines 500mg - 60 gélules - 8161 - 9858381119815,9858381119815,€4.35,L-glutamines 500mg - 60 gélules,1/2/2026,14,€18.90,Hygiène et santé,€11.34,Santé,Compléments alimentaires,8,2025-02-03 19:44
8032755624448 - Planters - Huile-gel absolue réparatrive Aloe Vera - 100ml - 8153 - 9858381152583,9858381152583,€1.86,Huile-gel absolue réparatrive Aloe Vera - 100ml,,181,€15.70,Hygiène et santé,€7.07,Corps,Crèmes/ soins/ exfoliants,35,2025-02-06 23:16
3760197505784 - Savor et sens - Tartinable tomates séchées bio - 100g - 8234 - 9858628157767,9858628157767,€1.10,Tartinable tomates séchées bio - 100g,30/4/2025,28,€4.40,Épicerie salée,€3.30,Apéritifs,Olives et antipasti,52,2025-01-05 13:50
3770031906011 - Oh Chérie - Sauce arrabbiata - 290g - 8206 - 9858628190535,9858628190535,€0.78,Sauce arrabbiata - 290g,5/6/2026,45,€3.00,Épicerie salée,€2.40,Sauces,Sauces tomate,169,2025-01-06 19:19
3770031906097 - Oh Chérie - Pesto calabrese - 190g - 8197 - 9858628288839,9858628288839,€0.91,Pesto calabrese - 190g,27/5/2026,227,€3.50,Épicerie salée,€2.80,Sauces,Pestos,64,2025-01-12 13:53
3760211481346 - Laboratoires De Biarritz - Lotion réparatrice bio - 40ml - 8167 - 9861836669255,9861836669255,€2.67,Lotion réparatrice bio - 40ml,,18,€12.90,Hygiène et santé,€6.45,Corps,Crèmes/ soins/ exfoliants,14,2025-02-16 18:21
3760197507108 - Savor et sens - Vinaigre balsamique IGP - 20cl - 8240 - 9861881758023,9861881758023,€1.73,Vinaigre balsamique IGP - 20cl,,136,€6.90,Épicerie salée,€5.18,Huiles et vinaigres,Vinaigres,32,2025-01-15 15:02
3770031906042 - Oh Chérie - Pesto rosso - 190g - 8198 - 9870330233159,9870330233159,€0.91,Pesto rosso - 190g,29/5/2026,55,€3.50,Épicerie salée,€2.80,Sauces,Pestos,129,2025-01-05 15:23
3770031906028 - Oh Chérie - Sauce aux olives - 290g - 8207 - 9870330298695,9870330298695,€0.78,Sauce aux olives - 290g,10/6/2026,102,€3.00,Épicerie salée,€2.40,Sauces,Sauces tomate,170,2025-01-01 18:03
3770031906103 - Oh Chérie - Pesto arrabbiata - 190g - 8195 - 9871183020359,9871183020359,€0.91,Pesto arrabbiata - 190g,30/5/2026,248,€3.50,Épicerie salée,€2.80,Sauces,Pestos,79,2025-01-12 13:53
3556009996419 - Alain Milliat - Nectar de pêche blanche - 20cl - 8185 - 9874299978055,9874299978055,€0.75,Nectar de pêche blanche - 20cl,14/5/2027,75,€3.00,Boissons,€2.25,Jus et boissons végétales,Jus de fruits,111,2024-12-23 17:26
3760275060303 - Instant Poudré - Bol et fouet pour cosmétiques - 8098 - 9874300010823,9874300010823,€1.49,Bol et fouet pour cosmétiques,,26,€5.95,Hygiène et santé,€3.87,Corps,DIY,18,2025-02-04 00:53
3770004283002 - Secrets des Fées - Gommage purifiant peaux sensibles 2 doses - 2x4g - 8141 - 9874300141895,9874300141895,€0.96,Gommage purifiant peaux sensibles 2 doses - 2x4g,30/10/2026,27,€3.85,Hygiène et santé,€2.88,Corps,Crèmes/ soins/ exfoliants,13,2025-02-12 08:41
3770004283132 - Secrets des Fées - Masque peel off pureté équilibrant 2 doses - 2x4g - 8175 - 9874300174663,9874300174663,€1.09,Masque peel off pureté équilibrant 2 doses - 2x4g,27/5/2027,6,€4.35,Hygiène et santé,€3.70,Visage,Crèmes et soins visage,25,2025-02-01 16:04
3770015290365 - Brasserie des 2 ours - Bière Cream Ale 5.8% - 33cl - 8085 - 9874300272967,9874300272967,€0.88,Bière Cream Ale 5.8% - 33cl,20/9/2025,81,€3.50,Boissons,€2.98,Boissons alcoolisées,Bières,62,2025-01-13 15:19
3770017000122 - Sincera - Houmous lentilles citron curry bio - 100g - 8146 - 9876526661959,9876526661959,€0.87,Houmous lentilles citron curry bio - 100g,3/10/2025,25,€3.49,Épicerie salée,€2.62,Apéritifs,Tartinades,252,2024-12-15 15:37
3770017000191 - Sincera - Houmous poivron rouge bio - 100g - 8147 - 9876526694727,9876526694727,€0.87,Houmous poivron rouge bio - 100g,3/10/2025,231,€3.49,Épicerie salée,€3.49,Apéritifs,Tartinades,95,2024-12-18 17:51
"3770015290006 - Brasserie des 2 ours - Bière Grape Ale 5,8% - 33cl - 8086 - 9878914728263",9878914728263,€1.17,"Bière Grape Ale 5,8% - 33cl",31/12/2026,19,€4.70,Boissons,€4.00,Boissons alcoolisées,Bières,9,2025-02-22 21:42
3770015290020 - Brasserie des 2 ours - Bière Triple IPA 9.6% - 33cl - 8088 - 9878914761031,9878914761031,€0.95,Bière Triple IPA 9.6% - 33cl,22/9/2025,49,€3.80,Boissons,€3.23,Boissons alcoolisées,Bières,71,2025-01-13 15:19
3556009995658 - Alain Milliat - Pâte à tartiner Lait Noisette - 290g - 8193 - 9878914826567,9878914826567,€2.49,Pâte à tartiner Lait Noisette - 290g,2/5/2025,51,€9.95,Épicerie sucrée,€7.46,Pâtes à tartiner / Miels / Confitures,Pâtes à tartiner,84,2025-02-01 09:53
3175681213685 - Gerblé - Galette de Maïs saveur Tomate Basilic - 123g - 8129 - 9878914924871,9878914924871,€0.79,Galette de Maïs saveur Tomate Basilic - 123g,10/6/2025,171,€2.38,Épicerie salée,€2.14,Apéritifs,Chips et gâteaux,89,2025-01-23 18:45
7612100026953 - Isostar - Gel Actifood Pomme - 90g - 8132 - 9878914957639,9878914957639,€0.89,Gel Actifood Pomme - 90g,13/8/2025,32,€2.69,Boissons,€2.42,Boissons diététiques et sportives,Boissons sportives,17,2025-02-08 12:48
3175681300842 - Gerlinéa - Milkshake saveur Passion - 436g - 8177 - 9878914990407,9878914990407,€4.95,Milkshake saveur Passion - 436g,31/8/2025,134,€14.99,Boissons,€13.49,Boissons diététiques et sportives,Boissons diététiques,24,2025-02-02 05:41
3175681141070 - Isostar - Energy Sport Bar saveur Céréales et Chocolat - 3x35g - 8125 - 9878915023175,9878915023175,€1.27,Energy Sport Bar saveur Céréales et Chocolat - 3x35g,31/8/2025,98,€3.86,Épicerie sucrée,€3.47,Biscuits et gâteaux,Barres de céréales et energy balls,57,2025-02-01 09:53
3770004283262 - Secrets des Fées - Masque cheveux détox bio - 16g - 8171 - 9879703126343,9879703126343,€0.96,Masque cheveux détox bio - 16g,27/5/2027,5,€3.85,Hygiène et santé,€3.27,Cheveux,Masques et soins,16,2025-02-15 23:11
3175681247246 - Isostar - Boisson de récupération saveur Chocolat - 450g - 8096 - 9879703355719,9879703355719,€3.96,Boisson de récupération saveur Chocolat - 450g,30/11/2025,47,€11.99,Boissons,€10.79,Boissons diététiques et sportives,Boissons sportives,5,2025-02-02 16:45
"3175681225114 - Céréal Bio - Galettes de blé, carotte, potimarron et pavot Bio - 200g - 8130 - 9879703421255",9879703421255,,"Galettes de blé, carotte, potimarron et pavot Bio - 200g",13/3/2025,0,€3.83,Épicerie salée,€1.92,Pâtes/riz et légumineuses,Céréales,475,2025-02-01 17:07
3175681852020 - Gerlinéa - Boisson repas minceur vanille - 4x236ml - 8097 - 9879703454023,9879703454023,€2.16,Boisson repas minceur vanille - 4x236ml,22/10/2025,216,€6.56,Boissons,€5.90,Boissons diététiques et sportives,Boissons diététiques,28,2025-02-02 05:41
3760061225725 - Beroia - Beurre de karité - 100g - 8083 - 9881761317191,9881761317191,€1.85,Beurre de karité - 100g,,25,€12.10,Hygiène et santé,€6.66,Corps,Crèmes/ soins/ exfoliants,24,2025-02-04 22:05
3760061220898 - Najel - Huile végétale de noyaux d'abricot - 50ml - 8152 - 9881761382727,9881761382727,€2.20,Huile végétale de noyaux d'abricot - 50ml,,37,€13.60,Hygiène et santé,€8.16,Aromathérapie,Huiles végétales,16,2025-02-11 09:45
3770017000252 - Sincera - Pesto Basilic pois cassé bio - 170g - 8196 - 9881761448263,9881761448263,€1.00,Pesto Basilic pois cassé bio - 170g,6/11/2025,199,€3.99,Épicerie salée,€2.99,Sauces,Pestos,51,2024-12-26 13:37
3760061225107 - Beroia - Beurre de karité à la vanille - 100g - 8084 - 9881761513799,9881761513799,€1.98,Beurre de karité à la vanille - 100g,,13,€12.10,Hygiène et santé,€7.26,Corps,Crèmes/ soins/ exfoliants,6,2025-02-04 22:05
3760061222656 - Beroia - Hydrolat citron & aloe vera - 200ml - 8154 - 9881761546567,9881761546567,€2.84,Hydrolat citron & aloe vera - 200ml,,45,€16.30,Hygiène et santé,€8.15,Aromathérapie,Eaux florales,35,2025-02-05 08:03
3760061222922 - Beroia - Shampoing cheveux gras - 300ml - 8222 - 9881761579335,9881761579335,€2.15,Shampoing cheveux gras - 300ml,,60,€13.00,Hygiène et santé,€5.20,Cheveux,Shampoings liquides,44,2025-02-03 11:33
3760061220751 - Beroia - Shampoing cheveux normaux - 300ml - 8223 - 9881761644871,9881761644871,€2.00,Shampoing cheveux normaux - 300ml,,31,€12.40,Hygiène et santé,€4.96,Cheveux,Shampoings liquides,39,2025-02-03 11:33
3176800015081 - Plaisance Bio - Purée de pomme de terre et patate douce bio - 90g - 8202 - 9881761677639,9881761677639,€0.99,Purée de pomme de terre et patate douce bio - 90g,1/7/2025,69,€3.95,Épicerie salée,€2.96,Conserves/bocaux et plats cuisinés,Plats préparés,103,2025-01-02 11:19
3760061222786 - Beroia - Gel douche olive & laurier - 300ml - 8136 - 9881761841479,9881761841479,€1.55,Gel douche olive & laurier - 300ml,,50,€10.00,Hygiène et santé,€5.50,Corps,Gels douche et savons liquides,8,2025-02-03 11:33
3176800032262 - Natali - Préparation en poudre pour tortillas bio - 200g - 8200 - 9882482016583,9882482016583,€0.69,Préparation en poudre pour tortillas bio - 200g,19/5/2026,23,€2.75,Épicerie salée,€2.06,Conserves/bocaux et plats cuisinés,Plats préparés,41,2025-01-07 07:54
3760061220799 - Beroia - Savon noir d'Alep à l'eucalyptus - 180g - 8219 - 9882482082119,9882482082119,€1.50,Savon noir d'Alep à l'eucalyptus - 180g,,44,€10.30,Hygiène et santé,€5.67,Corps,Savons solides,16,2025-02-12 07:58
3760061225527 - Beroia - Huile d'argan - 80ml - 8148 - 9882482114887,9882482114887,€3.90,Huile d'argan - 80ml,,17,€21.70,Hygiène et santé,€14.11,Corps,Crèmes/ soins/ exfoliants,14,2025-02-04 12:57
3760061228849 - Beroia - Savon d’Alep douche parfumé à l’ambre & oud - 300ml - 8214 - 9882482147655,9882482147655,€1.98,Savon d’Alep douche parfumé à l’ambre & oud - 300ml,,62,€12.50,Hygiène et santé,€5.00,Corps,Gels douche et savons liquides,50,2025-01-19 12:04
3760061226098 - Najel - Gel douche au savon d'Alep - 1L - 8135 - 9882482180423,9882482180423,€4.51,Gel douche au savon d'Alep - 1L,,30,€19.60,Hygiène et santé,€11.76,Corps,Gels douche et savons liquides,21,2025-03-14 10:50
3760061223592 - Beroia - Savon noir à l’huile d’argan bio - Gommage corps - 180g - 8218 - 9882482245959,9882482245959,€1.50,Savon noir à l’huile d’argan bio - Gommage corps - 180g,,28,€10.30,Hygiène et santé,€5.67,Corps,Savons solides,31,2025-01-29 22:36
3760061225541 - Beroia - Huile de Dattier - 80ml - 8149 - 9882482278727,9882482278727,€4.32,Huile de Dattier - 80ml,,49,€20.50,Épicerie salée,€15.38,Huiles et vinaigres,Huiles,5,2025-02-15 09:15
8436007107381 - Ethiquable - Cacao pur bio - 280g - 8247 - 9896301658439,9896301658439,€1.45,Cacao pur bio - 280g,18/9/2025,103,€5.59,Boissons,€4.47,Boissons chaudes,Chocolat et céréales en poudre,248,2025-01-13 15:19
3017800228791 - Estival - Petits pois très fins -  560g - 8273 - 9896301756743,9896301756743,€0.42,Petits pois très fins -  560g,30/6/2028,864,€1.90,Épicerie salée,€1.33,Conserves/bocaux et plats cuisinés,Légumes,197,2025-01-05 12:42
3264221620080 - Embal'Sac - Sacs poubelles 10L - 20 unités - 8275 - 9896301789511,9896301789511,€0.48,Sacs poubelles 10L - 20 unités,,7,€2.10,Maison,€1.68,Accessoires ménagers,Sacs poubelles,69,2025-01-24 18:54
3489940063202 - Cosmo Naturel - Nettoyant visage solide douceur camomille et calendula bio - 45g - 8269 - 9896301887815,9896301887815,€1.96,Nettoyant visage solide douceur camomille et calendula bio - 45g,,17,€8.50,Hygiène et santé,€5.10,Visage,Nettoyants et démaquillants,10,2025-03-14 08:43
3470320000689 - Body Respect - Lait démaquillant toutes peaux - 250ml - 8257 - 9896302084423,9896302084423,€1.21,Lait démaquillant toutes peaux - 250ml,,11,€6.08,Hygiène et santé,€4.26,Visage,Nettoyants et démaquillants,22,2025-01-16 16:20
3700445920136 - Harmonie Verte - Lessive liquide savon de Marseille - 5L - 8262 - 9896302444871,9896302444871,,Lessive liquide savon de Marseille - 5L,,5,€28.50,Maison,€19.95,Linge,Lessives,20,2025-03-26 09:18
3700445920129 - Harmonie Verte - Liquide vaisselle concentre - 5000ml - 8264 - 9896302477639,9896302477639,€4.01,Liquide vaisselle concentre - 5000ml,,2,€20.05,Maison,€14.04,Entretien et ménage,Vaisselle,19,2025-01-12 12:44
3489940014457 - Lerutan - Lave vaisselle rinçage ultra efficace - 500ml - 8259 - 9896302510407,9896302510407,€1.36,Lave vaisselle rinçage ultra efficace - 500ml,,26,€5.90,Maison,€4.72,Entretien et ménage,Vaisselle,55,2025-02-02 10:30
"3041091903136 - Blédina - Purée de panais, lentilles corail & saumon sauvage - 230g - 8260 - 9896302608711",9896302608711,€0.75,"Purée de panais, lentilles corail & saumon sauvage - 230g",22/7/2025,62,€2.60,Bébé,€2.21,Alimentation bébé,Petits pots et repas,45,2025-02-04 22:47
3041091885890 - Blédina - Bledine + Caramel - 400g - 8245 - 9896302772551,9896302772551,€0.67,Bledine + Caramel - 400g,1/6/2025,88,€2.90,Bébé,€2.03,Alimentation bébé,Petits pots et repas,27,2025-02-01 15:20
3250392910501 - itinéraire des saveurs  - Compote abricots rouges du Roussillon - 590g - 8250 - 9896302903623,9896302903623,€0.96,Compote abricots rouges du Roussillon - 590g,25/7/2025,44,€4.16,Épicerie sucrée,€2.91,Pâtes à tartiner / Miels / Confitures,Confitures,363,2025-01-10 07:12
3760197510306 - Savor et sens - Moutarde Vin rosé et basilic - 110g - 8268 - 9896303001927,9896303001927,€1.40,Moutarde Vin rosé et basilic - 110g,2/4/2025,51,€6.60,Épicerie salée,€3.30,Sauces,Ketchup/ mayonnaises/ moutardes,47,2025-01-16 17:52
3760279060293 - La Nouvelle Botanique - Synergie coups bio - 30ml - 8278 - 9896303034695,9896303034695,€3.24,Synergie coups bio - 30ml,,22,€16.20,Hygiène et santé,€11.34,Aromathérapie,Huiles essentielles,6,2025-02-24 12:10
3760061222809 - Beroia - Savon d'Alep douche huile d'olive et baies de laurier bio - 300ml - 8276 - 9896303100231,9896303100231,€1.80,Savon d'Alep douche huile d'olive et baies de laurier bio - 300ml,,29,€11.50,Hygiène et santé,€5.18,Corps,Gels douche et savons liquides,51,2025-02-02 09:02
3760061225572 - Beroia - Elixir aux 3 huiles bio - 80ml - 8253 - 9896303198535,9896303198535,€1.55,Elixir aux 3 huiles bio - 80ml,,39,€10.00,Hygiène et santé,€5.50,Aromathérapie,Huiles végétales,27,2025-02-01 11:46
3760061222793 - Beroia - Savon douche moussant au jasmin bio - 300ml - 8277 - 9896303231303,9896303231303,€2.04,Savon douche moussant au jasmin bio - 300ml,,36,€12.40,Hygiène et santé,€6.20,Corps,Gels douche et savons liquides,22,2025-02-02 09:02
3770000506006 - Id Bio - Laurier en flocon bio - 30g - 8258 - 9896303395143,9896303395143,€1.58,Laurier en flocon bio - 30g,30/3/2027,188,€4.85,Épicerie salée,€4.37,Épices et condiments,Épices et aromates,4,2025-03-01 17:01
4046871011000 - Bel Premium - Coton-tiges - 160 pièces - 8283 - 9897701474631,9897701474631,€0.39,Coton-tiges - 160 pièces,,45,€2.83,Hygiène et santé,€1.42,Visage,Cotons et coton-tiges,113,2025-02-13 11:49
3760279060064 - La Nouvelle Botanique - Gel de massage circulation - 100ml - 8288 - 9897701507399,9897701507399,€3.98,Gel de massage circulation - 100ml,,7,€19.90,Hygiène et santé,€13.93,Corps,Crèmes/ soins/ exfoliants,2,2025-02-26 08:45
3760279060200 - La Nouvelle Botanique - Synergie respiration - 30ml - 8292 - 9897701572935,9897701572935,€2.39,Synergie respiration - 30ml,,6,€11.95,Hygiène et santé,€8.36,Aromathérapie,Huiles essentielles,8,2025-01-05 14:05
3760279060057 - La Nouvelle Botanique - Gel aux huiles essentielles minceur – 100 mL - 8287 - 9897701605703,9897701605703,€3.98,Gel aux huiles essentielles minceur – 100 mL,,76,€19.90,Hygiène et santé,€13.93,Corps,Crèmes/ soins/ exfoliants,13,2025-02-04 16:38
3760197510320 - Savor et sens - Moutarde aux 5 baies - 130g - 8290 - 9897701638471,9897701638471,€1.40,Moutarde aux 5 baies - 130g,30/3/2025,42,€6.60,Épicerie salée,€3.25,Sauces,Ketchup/ mayonnaises/ moutardes,19,2025-02-19 23:07
3760278710007 - La Nouvelle Botanique - Ma solution aroma immunité - 30ml - 8289 - 9897701671239,9897701671239,€3.24,Ma solution aroma immunité - 30ml,,8,€16.20,Hygiène et santé,€11.34,Aromathérapie,Huiles essentielles,8,2025-02-06 22:39
3592860015616 - Bâton Rouge - Moutarde de Dijon - 300ml - 8316 - 9908221739335,9908221739335,€1.15,Moutarde de Dijon - 300ml,31/3/2025,55,€4.59,Épicerie salée,€2.29,Sauces,Ketchup/ mayonnaises/ moutardes,25,2025-02-01 13:38
370000506600 - Id Bio - Poivre blanc en grain bio - 40g - 8317 - 9908221837639,9908221837639,€1.51,Poivre blanc en grain bio - 40g,30/7/2027,120,€5.01,Épicerie salée,€4.51,Épices et condiments,Épices et aromates,3,2025-02-13 16:45
3760197510177 - Savor et sens - Vinaigre balsamique à la framboise bio - 25cl - 8320 - 9908221968711,9908221968711,€2.08,Vinaigre balsamique à la framboise bio - 25cl,,6,€8.30,Épicerie salée,€4.15,Huiles et vinaigres,Vinaigres,106,2025-01-05 14:05
3760061226111 - Najel - Shampoing savon 2 en 1 bio - 1L - 8326 - 9909689024839,9909689024839,€4.97,Shampoing savon 2 en 1 bio - 1L,,60,€21.60,Hygiène et santé,€15.12,Cheveux,Shampoings liquides,11,2025-02-05 10:07
3760214630185 - Omum - Crème visage rééquilibrante et hydratante bio - 40ml - 8322 - 9909689123143,9909689123143,€6.19,Crème visage rééquilibrante et hydratante bio - 40ml,31/8/2025,96,€26.90,Hygiène et santé,€17.48,Visage,Crèmes et soins visage,4,2025-03-14 10:46
3760214630406 - Omum - Gel jambes légères bio - 125ml - 8324 - 9909689155911,9909689155911,€4.49,Gel jambes légères bio - 125ml,30/3/2026,95,€19.50,Hygiène et santé,€12.68,Corps,Crèmes/ soins/ exfoliants,5,2025-03-14 10:25
"3041090767920 - Blédina - Pots fondue de poireaux, riz et colin - 2x200g - 8334 - 9911899750727",9911899750727,€0.75,"Pots fondue de poireaux, riz et colin - 2x200g",30/5/2025,22,€2.99,Bébé,€2.24,Alimentation bébé,Petits pots et repas,48,2025-02-03 14:19
3383482301313 - Briochin - Savon mains à la verveine bio - 400ml - 8335 - 9911899816263,9911899816263,€1.56,Savon mains à la verveine bio - 400ml,,113,€7.33,Hygiène et santé,€5.50,Corps,Mains et pieds,83,2025-01-19 14:48
3667210000021 - I love me attitude - Barres protéinées à la spiruline baobab bio - 3x40g - 8356 - 9927754613063,9927754613063,€1.88,Barres protéinées à la spiruline baobab bio - 3x40g,30/6/2025,213,€7.50,Épicerie sucrée,€5.63,Biscuits et gâteaux,Barres de céréales et energy balls,49,2025-02-01 09:53
3667210000038 - I love me attitude - 3 Barres Hibiscus Acai protéinées bio - 3x40g - 8355 - 9927754940743,9927754940743,€1.88,3 Barres Hibiscus Acai protéinées bio - 3x40g,31/5/2025,229,€7.50,Épicerie sucrée,€5.63,Biscuits et gâteaux,Barres de céréales et energy balls,36,2025-02-05 21:15
3760061227248 - Beroia - Crème visage matifiante bio - 50ml - 8357 - 9927755497799,9927755497799,€2.00,Crème visage matifiante bio - 50ml,,102,€14.20,Hygiène et santé,€7.10,Visage,Crèmes et soins visage,42,2025-02-02 12:14
3667210000014 - I love me attitude - 3 Barres Caroube protéinées bio - 3x40g - 8354 - 9927755628871,9927755628871,€1.88,3 Barres Caroube protéinées bio - 3x40g,30/6/2025,204,€7.50,Épicerie sucrée,€5.63,Biscuits et gâteaux,Barres de céréales et energy balls,60,2025-02-01 09:53
704326200402 - Tints of Nature - Mini après-shampoing hydratant - 70ml - 8372 - 9935071084871,9935071084871,€0.80,Mini après-shampoing hydratant - 70ml,,27,€12.90,Hygiène et santé,€5.81,Cheveux,Masques et soins,7,2025-02-10 11:48
3770016453059 - Nemrod - Confiture de châtaignes bio - 170g - 8378 - 9939575472455,9939575472455,€1.05,Confiture de châtaignes bio - 170g,30/4/2026,402,€4.20,Épicerie sucrée,€3.15,Pâtes à tartiner / Miels / Confitures,Confitures,206,2025-01-19 13:58
3700914606349 - Bioenergies - Gélules souplesse articulaire bio - x45 gélules - 8381 - 9939575603527,9939575603527,€5.72,Gélules souplesse articulaire bio - x45 gélules,30/5/2025,35,€24.90,Hygiène et santé,€14.94,Santé,Compléments alimentaires,8,2025-01-24 18:54
3700914606325 - Bioenergies - Gélules digestion bio - x60 gélules - 8380 - 9939575701831,9939575701831,€3.63,Gélules digestion bio - x60 gélules,30/7/2025,37,€14.90,Hygiène et santé,€9.69,Santé,Compléments alimentaires,11,2025-02-24 07:20
3760061223363 - Beroia - Savon noir sans parfum - 180g - 8409 - 9940478492999,9940478492999,€1.20,Savon noir sans parfum - 180g,,17,€8.80,Hygiène et santé,€4.40,Corps,Savons solides,23,2025-01-24 18:54
3760061223172 - Beroia - Savon liquide ménager à l'huile d'olive - 200ml - 8408 - 9940478525767,9940478525767,€1.08,Savon liquide ménager à l'huile d'olive - 200ml,,36,€9.45,Maison,€4.72,Entretien et ménage,Nettoyants surface et sol,7,2025-02-16 20:20
3517360019452 - So Bio - Baume hydratant aloe vera bio - 50ml - 8384 - 9940478591303,9940478591303,€2.43,Baume hydratant aloe vera bio - 50ml,,29,€11.90,Hygiène et santé,€8.33,Visage,Crèmes et soins visage,25,2025-02-02 12:14
3517360020519 - So Bio - Crème perfectrice teintée medium bio - 40ml - 8388 - 9940869939527,9940869939527,€2.70,Crème perfectrice teintée medium bio - 40ml,,21,€11.90,Hygiène et santé,€9.52,Corps,Maquillage et parfums,32,2025-02-04 16:29
3517360021318 - So Bio - Sérum nutrition coco hydratation intense bio - 30ml - 8437 - 9946700382535,9946700382535,€2.70,Sérum nutrition coco hydratation intense bio - 30ml,,40,€10.39,Hygiène et santé,€9.35,Visage,Crèmes et soins visage,15,2025-02-01 16:04
5013665116813 - Whole Earth - Beurre de cacahuètes creamy - 320g - 8443 - 9948104032583,9948104032583,€1.15,Beurre de cacahuètes creamy - 320g,31/5/2025,703,€4.59,Épicerie sucrée,€3.21,Pâtes à tartiner / Miels / Confitures,Purées de fruits secs,440,2025-02-01 23:39
5021991944574 - Clipper - Infusion glacée camomille pêche orange bio - 25cl - 8458 - 9948104065351,9948104065351,€0.50,Infusion glacée camomille pêche orange bio - 25cl,30/4/2025,181,€1.65,Boissons,€1.32,Sirop/thés glacés/sodas,Thés et infusions glacées,229,2025-02-01 18:32
3760303750015 - Italians do it better - Sauce italienne Funghi tomates et cèpes - 185g - 8468 - 9948104098119,9948104098119,€1.35,Sauce italienne Funghi tomates et cèpes - 185g,23/8/2025,218,€4.50,Épicerie salée,€4.05,Sauces,Sauces tomate,56,2025-01-29 23:05
8006460000507 - Delicius - Filets d'anchois à la sauce piquante - 50g - 8452 - 9948104130887,9948104130887,€1.08,Filets d'anchois à la sauce piquante - 50g,28/5/2025,128,€3.60,Épicerie salée,€2.52,Conserves/bocaux et plats cuisinés,Produits de la mer,76,2025-02-01 23:39
3264963023965 - Limited Edition - Pâtes coudes rayés aux oeufs frais - 500g - 8464 - 9948104163655,9948104163655,€0.75,Pâtes coudes rayés aux oeufs frais - 500g,9/1/2027,429,€2.50,Épicerie salée,€2.25,Pâtes/riz et légumineuses,Pâtes,146,2025-01-24 11:38
3041311027789 - Marie Brizard - Sirop de pastèque - 70cl - 8470 - 9948104294727,9948104294727,€1.50,Sirop de pastèque - 70cl,30/9/2025,31,€9.99,Boissons,€5.00,Sirop/thés glacés/sodas,Sirops,79,2025-02-01 19:06
8032610252540 - Drago - Lingue de foccacia à l'huile d'olive - 200g - 8460 - 9948104327495,9948104327495,€1.38,Lingue de foccacia à l'huile d'olive - 200g,11/3/2025,1,€5.50,Épicerie salée,€2.75,Apéritifs,Chips et gâteaux,48,2025-02-01 10:00
3229820801872 - Bjorg - Fourrés au chocolat au lait bio (pochon de 2 biscuits) - 50g - 8453 - 9948104425799,9948104425799,€0.32,Fourrés au chocolat au lait bio (pochon de 2 biscuits) - 50g,15/4/2025,665,€1.05,Épicerie sucrée,€0.53,Petit-déjeuner,Céréales petit-déjeuner,516,2025-02-01 09:53
3041311030833 - Marie Brizard - Sirop de rhubarbe - 70cl - 8471 - 9948104458567,9948104458567,€1.50,Sirop de rhubarbe - 70cl,30/9/2025,66,€9.99,Boissons,€5.00,Sirop/thés glacés/sodas,Sirops,69,2025-01-31 15:23
3770036960018 - Ananda - Gélules minceurs - 90 gélules - 8455 - 9948104491335,9948104491335,€3.96,Gélules minceurs - 90 gélules,31/10/2025,38,€39.90,Hygiène et santé,€15.96,Santé,Compléments alimentaires,22,2025-02-05 14:38
3517360020748 - Natessance - Dentifrice gencives sensibles bio - 75ml - 8447 - 9948104720711,9948104720711,€0.94,Dentifrice gencives sensibles bio - 75ml,,3,€3.99,Hygiène et santé,€3.19,Dentaire,Dentifrices,98,2025-01-28 11:25
4046871002244 - Cosmoplast - Pansements à découper - x15 - 8463 - 9948104819015,9948104819015,€0.49,Pansements à découper - x15,30/11/2029,118,€6.60,Hygiène et santé,€2.64,Santé,Parapharmacie,56,2025-02-01 16:56
3517360021431 - So Bio - Recharge gel douche sans savon au lotus bio - 650ml - 8467 - 9948104851783,9948104851783,€1.69,Recharge gel douche sans savon au lotus bio - 650ml,,109,€8.45,Hygiène et santé,€5.91,Corps,Gels douche et savons liquides,52,2025-02-01 17:06
3770036960001 - Ananda - Gélules détox - 60 gélules - 8454 - 9948104917319,9948104917319,€3.96,Gélules détox - 60 gélules,30/11/2026,52,€39.90,Hygiène et santé,€15.96,Santé,Compléments alimentaires,8,2025-02-12 15:35
3667210000007 - I love me attitude - Barre protéinée au matcha bio - 3x 40g - 8442 - 9948105113927,9948105113927,€1.88,Barre protéinée au matcha bio - 3x 40g,30/6/2025,128,€7.50,Épicerie sucrée,€5.63,Biscuits et gâteaux,Barres de céréales et energy balls,63,2025-02-01 09:53
3041311028281 - Marie Brizard - Sirop de pamplemousse - 70cl  - 8469 - 9948105179463,9948105179463,€1.50,Sirop de pamplemousse - 70cl ,30/9/2025,95,€9.99,Boissons,€5.00,Sirop/thés glacés/sodas,Sirops,38,2025-01-29 22:36
3700914606301 - Bioenergies - Draineur Bio - 60 gelules - 8449 - 9948105212231,9948105212231,€4.22,Draineur Bio - 60 gelules,30/4/2025,40,€16.90,Hygiène et santé,€10.98,Santé,Compléments alimentaires,4,2025-01-23 18:45
871561004185 - Touch Organic - Thé blanc aux fruits rouges bio et équitable - 24 sachets - 8472 - 9948105441607,9948105441607,€1.04,Thé blanc aux fruits rouges bio et équitable - 24 sachets,19/7/2026,160,€4.68,Boissons,€3.28,Boissons chaudes,Thés et matés,71,2025-02-01 18:42
3264963017377 - Limited Edition - Pâtes papillons - 500g - 8465 - 9948105507143,9948105507143,€0.75,Pâtes papillons - 500g,4/9/2027,14,€2.50,Épicerie salée,€2.25,Pâtes/riz et légumineuses,Pâtes,111,2025-01-23 18:45
5201360660766 - Belin - Biscuits apéritifs Rolls Original - 80g - 8445 - 9948105605447,9948105605447,€0.39,Biscuits apéritifs Rolls Original - 80g,8/3/2025,45,€1.56,Épicerie salée,€0.97,Apéritifs,Chips et gâteaux,313,2025-02-01 16:04
3760253401869 - Italians do it better - Sauce tomate Aglio - 330g - 8478 - 9948820242759,9948820242759,€1.25,Sauce tomate Aglio - 330g,18/5/2025,238,€3.79,Épicerie salée,€3.41,Sauces,Sauces tomate,60,2025-02-01 09:53
3017800502808 - Jean Nicolas - Petits pois doux et carottes en rondelles avec des échalotes et du miel - 250g - 8486 - 9950010933575,9950010933575,€0.54,Petits pois doux et carottes en rondelles avec des échalotes et du miel - 250g,31/7/2025,584,€2.50,Épicerie salée,€2.50,Conserves/bocaux et plats cuisinés,Légumes,221,2025-01-31 15:59
3017800502815 - Jean Nicolas : L’artisanat au service de vos passions - Haricots blancs et carottes au thym et à l'échalote - 235g - 8482 - 9950010966343,9950010966343,€0.54,Haricots blancs et carottes au thym et à l'échalote - 235g,31/12/2025,338,€2.50,Épicerie salée,€1.63,Conserves/bocaux et plats cuisinés,Légumes,778,2025-01-27 16:15
3041311026911 - Marie Brizard - Sirop de caramel - 70cl - 8490 - 9950011097415,9950011097415,€1.50,Sirop de caramel - 70cl,31/12/2025,27,€9.99,Boissons,€5.00,Sirop/thés glacés/sodas,Sirops,46,2025-02-02 13:42
3041311028540 - Marie Brizard - Sirop saveur bubble gum - 70cl - 8491 - 9950011130183,9950011130183,€1.50,Sirop saveur bubble gum - 70cl,31/1/2026,75,€9.99,Boissons,€9.99,Sirop/thés glacés/sodas,Sirops,25,2025-02-05 06:28
840011102184 - Touch Organic - Thé blanc bio - 60g - 8492 - 9950011195719,9950011195719,€1.33,Thé blanc bio - 60g,25/1/2027,216,€6.05,Boissons,€6.05,Boissons chaudes,Thés et matés,29,2025-02-10 10:21
3041311027932 - Marie Brizard - Sirop à la cannelle - 70cl - 8488 - 9950011261255,9950011261255,€1.50,Sirop à la cannelle - 70cl,30/10/2025,80,€9.99,Boissons,€5.00,Sirop/thés glacés/sodas,Sirops,34,2025-02-04 00:53
3041311026454 - Marie Brizard - Sirop à la grenadine - 70cl - 8489 - 9950011294023,9950011294023,€1.39,Sirop à la grenadine - 70cl,30/8/2027,188,€8.99,Boissons,€4.50,Sirop/thés glacés/sodas,Sirops,61,2025-02-19 20:23
3770036960025 - Ananda - Gummies énergie  - 8481 - 9950011392327,9950011392327,€3.56,Gummies énergie ,30/3/2025,4,€19.90,Hygiène et santé,€9.95,Santé,Compléments alimentaires,17,2025-02-06 08:11
3770036960032 - Ananda - Gummies sommeil - 30 gummies - 8500 - 9951810388295,9951810388295,€3.56,Gummies sommeil - 30 gummies,30/4/2025,5,€19.90,Hygiène et santé,€11.94,Santé,Compléments alimentaires,26,2025-02-01 09:01
3760161790284 - Nutrisensis - Infusion fenouil bio - 20 sachets - 8502 - 9951810519367,9951810519367,€0.96,Infusion fenouil bio - 20 sachets,31/5/2025,30,€3.47,Boissons,€2.95,Boissons chaudes,Infusions et tisanes,75,2025-02-01 07:07
3760161790666 - Nutrisensis - Infusion ventre plat bio - 20 sachets - 8503 - 9951810584903,9951810584903,€1.04,Infusion ventre plat bio - 20 sachets,18/7/2025,183,€3.77,Hygiène et santé,€2.45,Santé,Compléments alimentaires,53,2025-02-05 14:38
3760253401395 - Italians do it better - Sauce arrabbiata - 330g - 8509 - 9951810650439,9951810650439,€1.25,Sauce arrabbiata - 330g,21/7/2025,97,€3.79,Épicerie salée,€3.79,Sauces,Sauces tomate,26,2025-02-06 15:36
3168930003632 - Quaker - Flocons d'avoine - 800g - 8499 - 9951810748743,9951810748743,€0.66,Flocons d'avoine - 800g,28/6/2025,45,€2.92,Épicerie sucrée,€2.04,Petit-déjeuner,Flocons/ sons et porridges,303,2025-02-01 09:01
3017800519653 - Maingourd - Haricots beurre très fins - 220g - 8501 - 9951810814279,9951810814279,€0.45,Haricots beurre très fins - 220g,31/8/2026,240,€1.80,Épicerie salée,€1.35,Conserves/bocaux et plats cuisinés,Légumes,324,2025-01-27 16:15
3256550081922 - Loic Raison - Cidre de dégustation - 75cl - 8497 - 9951810912583,9951810912583,€1.08,Cidre de dégustation - 75cl,,117,€4.68,Boissons,€3.74,Boissons alcoolisées,Cidre,108,2025-01-24 18:54
4027800079025 - Wilkinson Sword - Lot de 5 rasoirs Everyday 2 homme - 8506 - 9951810945351,9951810945351,€0.85,Lot de 5 rasoirs Everyday 2 homme,,42,€6.95,Hygiène et santé,€2.78,Visage,Soins masculins,54,2025-02-01 15:20
840011102160 - Touch Organic - Thé vert Sencha bio - 100g - 8511 - 9951811010887,9951811010887,€1.11,Thé vert Sencha bio - 100g,27/8/2026,181,€5.03,Boissons,€3.52,Boissons chaudes,Thés et matés,53,2025-02-01 11:46
3112940135005 - Maingourd - Haricots blanc - 500g - 8519 - 9954913911111,9954913911111,€0.54,Haricots blanc - 500g,30/6/2027,461,€1.99,Épicerie salée,€1.59,Conserves/bocaux et plats cuisinés,Légumes,129,2025-02-01 13:54
8720182126474 - Knorr - Soupe saveur pot au feu en sachet bio - 35g - 8523 - 9954913943879,9954913943879,€0.33,Soupe saveur pot au feu en sachet bio - 35g,30/4/2025,53,€1.68,Épicerie salée,€1.01,Conserves/bocaux et plats cuisinés,Soupes et veloutés,217,2025-02-19 08:46
3229820790251 - Bjorg - Lot de 3 fourrés chocolat-noisette bio - 3x225g - 8518 - 9954913976647,9954913976647,€1.11,Lot de 3 fourrés chocolat-noisette bio - 3x225g,4/6/2025,139,€11.40,Épicerie sucrée,€7.98,Biscuits et gâteaux,Biscuits au chocolat,401,2025-02-01 22:51
3112940799641 - Maingourd - Petits pois - 280g - 8557 - 9961159360839,9961159360839,€0.34,Petits pois - 280g,30/6/2028,364,€1.20,Épicerie salée,€1.02,Conserves/bocaux et plats cuisinés,Légumes,223,2025-02-01 14:41
3770019234006 - KOKO Kombucha - Kombucha Original bio - 33cl - 8550 - 9961159459143,9961159459143,€0.83,Kombucha Original bio - 33cl,13/7/2025,52,€3.28,Boissons,€2.46,Sirop/thés glacés/sodas,Kéfirs et kombucha,142,2025-02-02 19:06
3609060004293 - Ibo - Vinaigre de cidre au basilic bio - 25 cl - 8561 - 9961159524679,9961159524679,€1.26,Vinaigre de cidre au basilic bio - 25 cl,,124,€4.99,Épicerie salée,€3.74,Huiles et vinaigres,Vinaigres,58,2025-02-01 09:58
3700067373938 - Phyto-Actif - Microbiotil défense 7 jours - 14 sachets - 8553 - 9961159655751,9961159655751,€1.62,Microbiotil défense 7 jours - 14 sachets,31/7/2025,1,€10.98,Hygiène et santé,€5.49,Santé,Compléments alimentaires,53,2025-01-29 22:36
3760253401470 - Italians do it better - Sauce Provenzale - 330g - 8559 - 9961159688519,9961159688519,€1.25,Sauce Provenzale - 330g,21/7/2025,347,€3.79,Épicerie salée,€3.41,Sauces,Sauces tomate,54,2025-02-01 09:53
3175681295810 - Gerlinéa - Milkshake fit & protein saveur cookie caramel - 340g  - 8554 - 9961159721287,9961159721287,€4.42,Milkshake fit & protein saveur cookie caramel - 340g ,31/3/2025,17,€12.99,Boissons,€6.50,Boissons diététiques et sportives,Boissons sportives,72,2025-02-12 12:21
3760253401418 - Italians do it better - Sauce Puttanesca - 330g - 8560 - 9961159786823,9961159786823,€1.25,Sauce Puttanesca - 330g,22/7/2025,352,€3.79,Épicerie salée,€3.41,Sauces,Sauces tomate,53,2025-02-02 11:04
"3770010805168 - Mulebar - Compote énergétique orange, carotte et citron - 65g - 8547 - 9961159819591",9961159819591,€0.70,"Compote énergétique orange, carotte et citron - 65g",28/4/2025,58,€2.80,Épicerie sucrée,€2.10,Compotes et desserts,Compotes,62,2025-02-03 22:35
3700914606264 - Bioenergies - Complexe antioxydant bio - 60 gélules - 8546 - 9961159852359,9961159852359,€6.33,Complexe antioxydant bio - 60 gélules,30/4/2025,30,€26.90,Hygiène et santé,€18.83,Santé,Compléments alimentaires,13,2025-02-09 20:28
"3760214630758 - Omum - Le Coach minceur, cellulite, fermeté - 60 gélules - 8569 - 9962585030983",9962585030983,€6.64,"Le Coach minceur, cellulite, fermeté - 60 gélules",30/12/2025,41,€28.90,Hygiène et santé,€17.34,Santé,Compléments alimentaires,18,2025-02-05 08:12
3770006030185  - Terra Cérès - 3 mini-muffins chocolat noisette bio - 3x50g - 8562 - 9962585162055,9962585162055,€1.80,3 mini-muffins chocolat noisette bio - 3x50g,19/7/2025,98,€5.50,Épicerie sucrée,€4.95,Biscuits et gâteaux,Moelleux et gâteaux,13,2025-02-01 22:05
3770006030598 - Terra Cérès - Lot de 3 mini-muffins au citron bio - 3x45g - 8572 - 9962585293127,9962585293127,€1.50,Lot de 3 mini-muffins au citron bio - 3x45g,30/4/2025,255,€4.50,Épicerie sucrée,€4.05,Biscuits et gâteaux,Moelleux et gâteaux,14,2025-02-10 16:10
3175681161535 - Isostar - Bar énergétique goût cramberry - 3x40g - 8563 - 9962585489735,9962585489735,€1.70,Bar énergétique goût cramberry - 3x40g,31/5/2025,250,€5.00,Épicerie sucrée,€5.00,Biscuits et gâteaux,Barres de céréales et energy balls,9,2025-03-13 15:49
3017800510995 - D'Aucy - Lot de 3 boites de petits pois extra fins à l'étuvée - 3x140g - 8571 - 9962585686343,9962585686343,€0.68,Lot de 3 boites de petits pois extra fins à l'étuvée - 3x140g,30/6/2028,348,€5.88,Épicerie salée,€5.29,Conserves/bocaux et plats cuisinés,Légumes,40,2025-02-02 11:20
3229820790176 - Bjorg - Lot de 3 biscuits fourrés au citron - 3x225g - 8570 - 9962585817415,9962585817415,€2.03,Lot de 3 biscuits fourrés au citron - 3x225g,2/7/2025,269,€6.78,Épicerie sucrée,€6.10,Biscuits et gâteaux,Biscuits nature et fruit,197,2025-02-01 19:39
"3770017198133 - Natz - Bière blonde Lager 5,0° - 33cl - 8564 - 9962601513287",9962601513287,€0.65,"Bière blonde Lager 5,0° - 33cl",30/1/2026,618,€2.60,Boissons,€2.21,Boissons alcoolisées,Bières,40,2025-02-02 11:20
3760303750152 - Italians do it better - Pesto al limone bio - 130g - 8575 - 9962601546055,9962601546055,€1.72,Pesto al limone bio - 130g,1/8/2025,69,€5.75,Épicerie salée,€5.17,Sauces,Pestos,23,2025-02-03 10:26
3760303750220 - Italians do it better - Pesto verde piquant bio - 130g - 8576 - 9962601578823,9962601578823,€2.07,Pesto verde piquant bio - 130g,24/5/2025,390,€6.90,Épicerie salée,€6.21,Sauces,Pestos,10,2025-02-02 10:44
"3770017198102 - Natz - Bière gingembre 5,0° - 33cl - 8565 - 9962601644359",9962601644359,€0.65,"Bière gingembre 5,0° - 33cl",30/7/2025,115,€2.60,Boissons,€2.21,Boissons alcoolisées,Bières,121,2025-02-01 16:04
3770014111876 - Transition - Pâtes torsades de blé tendre - 500g - 8596 - 9966778024263,9966778024263,€0.53,Pâtes torsades de blé tendre - 500g,30/6/2026,82,€1.60,Épicerie salée,€1.44,Pâtes/riz et légumineuses,Pâtes,376,2025-02-10 19:33
5200120443670 - Rizes Greece - Vinaigre balsamique blanc miel et moutarde - 250ml - 8598 - 9966778057031,9966778057031,€1.40,Vinaigre balsamique blanc miel et moutarde - 250ml,5/7/2025,192,€4.99,Épicerie salée,€4.24,Huiles et vinaigres,Vinaigres,52,2025-02-22 08:34
3175681290532 - Céréal Bio - Mezzelune au duo d'olives bio - 280g - 8594 - 9966778089799,9966778089799,,Mezzelune au duo d'olives bio - 280g,28/7/2025,0,€3.20,Épicerie salée,€2.88,Conserves/bocaux et plats cuisinés,Plats préparés,1,2025-03-30 16:04
3760197511020 - Savor et sens - Coffret autour du citron et du thym - 8640 - 9976270487879,9976270487879,€4.52,Coffret autour du citron et du thym,30/4/2025,11,€22.60,Épicerie salée,€14.69,Épices et condiments,Condiments,27,2025-02-15 19:12
5200120443229 - Rizes Greece - Olives vertes à la feta - 320g - 8655 - 9976270520647,9976270520647,€1.40,Olives vertes à la feta - 320g,11/4/2025,293,€4.89,Épicerie salée,€2.44,Apéritifs,Olives et antipasti,153,2025-02-12 18:14
3175681807136 - Gerlinéa - Barres chocolat orange - 372 g (12 x 31 g) - 8636 - 9976270717255,9976270717255,€2.79,Barres chocolat orange - 372 g (12 x 31 g),30/4/2025,242,€8.20,Épicerie sucrée,€7.38,Biscuits et gâteaux,Barres de céréales et energy balls,40,2025-02-13 00:07
3770014111791 - Transition -  Confiture d'Abricot Extra - 360g - 8641 - 9976270782791,9976270782791,€1.00, Confiture d'Abricot Extra - 360g,1/8/2026,137,€3.35,Épicerie sucrée,€3.02,Pâtes à tartiner / Miels / Confitures,Confitures,73,2025-02-11 08:01
5200120443571 - Rizes Greece -  Crème balsamique au miel de thym - 200 ml - 8642 - 9976270848327,9976270848327,€1.52, Crème balsamique au miel de thym - 200 ml,5/5/2026,172,€5.99,Épicerie salée,€4.49,Huiles et vinaigres,Vinaigres,56,2025-02-12 17:56
3760050653799 - Kitz - Détartrant concentré - 8645 - 9976270881095,9976270881095,€6.88,Détartrant concentré,,11,€27.50,Maison,€23.38,Entretien et ménage,Nettoyants surface et sol,5,2025-03-24 05:08
3173287091843 - Jacquot - Truffes fantaisie - 80g - 8639 - 9976270946631,9976270946631,€1.89,Truffes fantaisie - 80g,16/7/2025,53,€6.30,Épicerie sucrée,€5.67,Chocolat et confiseries,Ballotins et coffrets,67,2025-02-16 11:56
3760194228822 - Savor et sens - Moutarde aux fines herbes XXL - 8654 - 9976271012167,9976271012167,€2.69,Moutarde aux fines herbes XXL,30/4/2025,25,€14.95,Épicerie salée,€8.97,Sauces,Ketchup/ mayonnaises/ moutardes,17,2025-02-19 12:18
3770009601269 - Matatie - Calendrier de l'avent - 120g - 8638 - 9976271077703,9976271077703,€1.50,Calendrier de l'avent - 120g,10/2/2025,104,€10.00,Épicerie sucrée,€5.00,Chocolat et confiseries,Ballotins et coffrets,17,2025-02-24 18:08
3556009993920 - Alain Milliat - Prêt à boire pétillant Le Gingembre - 25cl - 8660 - 9976271110471,9976271110471,€0.90,Prêt à boire pétillant Le Gingembre - 25cl,30/5/2025,162,€2.90,Boissons,€2.61,Sirop/thés glacés/sodas,Sodas,63,2025-02-13 22:31
3556009993906 - Alain Milliat - Prêt à boire pétillant Le Yuzu - 25cl - 8661 - 9976271176007,9976271176007,€0.90,Prêt à boire pétillant Le Yuzu - 25cl,30/5/2025,170,€2.90,Boissons,€2.61,Sirop/thés glacés/sodas,Sodas,130,2025-02-12 22:29
3173281446595 - Cémoi - Tablette de chocolat noir 82% de cacao - 100g - 8664 - 9978322780487,9978322780487,€0.47,Tablette de chocolat noir 82% de cacao - 100g,31/10/2025,308,€1.90,Épicerie sucrée,€1.42,Chocolat et confiseries,Tablettes de chocolat,1094,2025-02-15 08:18
3173281473300 - Cémoi - Tablette de chocolat fleur de sel 47% de cacao - 100g - 8662 - 9978322813255,9978322813255,€0.47,Tablette de chocolat fleur de sel 47% de cacao - 100g,15/10/2025,1261,€1.90,Épicerie sucrée,€1.42,Chocolat et confiseries,Tablettes de chocolat,338,2025-02-15 13:13
3760050653706 - Bio Attitude - Crème à Récurer Kitz - 1L - 8648 - 9978322878791,9978322878791,€1.74,Crème à Récurer Kitz - 1L,,439,€6.95,Maison,€5.91,Entretien et ménage,Nettoyants surface et sol,35,2025-03-03 18:05
3556000330649 - Alain Milliat - Jus Raisin Blanc Chardonnay - 33cl - 8651 - 9978322944327,9978322944327,€1.24,Jus Raisin Blanc Chardonnay - 33cl,30/9/2025,231,€4.95,Boissons,€3.71,Jus et boissons végétales,Jus de fruits,46,2025-02-12 21:35
3556000330595 - Alain Milliat - Jus Orange Tardive Sicile - 33cl - 8650 - 9978323009863,9978323009863,€1.38,Jus Orange Tardive Sicile - 33cl,30/1/2026,39,€5.50,Boissons,€4.13,Jus et boissons végétales,Jus de fruits,43,2025-02-14 08:34
3760194227283 - Savor et sens - Poivre tellichery d'Inde - 190g - 8659 - 9978323042631,9978323042631,€3.95,Poivre tellichery d'Inde - 190g,30/4/2025,7,€21.95,Épicerie salée,€12.07,Épices et condiments,Épices et aromates,22,2025-02-19 10:26
3173281446427 - Cémoi - tablette de chocolat noir 72% - 100g - 8663 - 9978323075399,9978323075399,€0.47,tablette de chocolat noir 72% - 100g,25/10/2025,1876,€1.90,Épicerie sucrée,€1.42,Chocolat et confiseries,Tablettes de chocolat,968,2025-02-15 08:18
3176630901042 - Le Bois Jumel  - Houmous de haricot blanc - 100g - 16149 - 9988899438919,9988899438919,€0.60,Houmous de haricot blanc - 100g,28/11/2026,120,€3.00,Épicerie salée,€2.10,Apéritifs,Tartinades,48,2025-02-21 21:17
3176630020156 - Le Bois Jumel  - Préparation de fruits pêche framboise - 240g - 16150 - 9988899569991,9988899569991,€0.80,Préparation de fruits pêche framboise - 240g,28/2/2026,459,€4.00,Épicerie sucrée,€2.80,Pâtes à tartiner / Miels / Confitures,Confitures,143,2025-02-19 17:55
3176630600051 - Le Bois Jumel  - Rillettes pur de canard d'Armorique - 130g - 16151 - 9988899635527,9988899635527,€0.96,Rillettes pur de canard d'Armorique - 130g,21/2/2026,33,€4.80,Épicerie salée,€3.36,Apéritifs,Tartinades,271,2025-02-19 04:58
3176630301033 - Le Bois Jumel  - Terrine de campagne à la mangue bio - 90g - 16161 - 9991716569415,9991716569415,€0.71,Terrine de campagne à la mangue bio - 90g,31/12/2026,121,€3.55,Épicerie salée,€2.49,Apéritifs,Tartinades,95,2025-02-20 20:55
3700566456156 - Céliane - Chips de lentilles à la tomate - 50g - 16152 - 9991716733255,9991716733255,€0.65,Chips de lentilles à la tomate - 50g,8/6/2025,530,€2.58,Épicerie salée,€1.94,Apéritifs,Chips et gâteaux,359,2025-02-13 22:31
3760194200316 - Savor et sens - Moutarde au piment Jalapeño - 270g - 16158 - 9991716831559,9991716831559,€2.69,Moutarde au piment Jalapeño - 270g,30/4/2025,142,€14.95,Épicerie salée,€8.97,Sauces,Ketchup/ mayonnaises/ moutardes,29,2025-02-12 16:54
3770002654309  - LSBV - Lentilles vertes bio - 500g - 16154 - 9991716864327,9991716864327,€0.94,Lentilles vertes bio - 500g,30/6/2025,163,€3.34,Épicerie salée,€2.84,Pâtes/riz et légumineuses,Légumineuses,242,2025-02-13 10:53
3770002654354 - LSBV - Quinoa bio - 500g - 16160 - 9991716929863,9991716929863,€1.60,Quinoa bio - 500g,30/6/2025,303,€5.72,Épicerie salée,€4.86,Pâtes/riz et légumineuses,Céréales,98,2025-02-12 22:30
3556009993883 - Alain Milliat - Limonade fines bulles au citron - 25cl - 16155 - 9991716995399,9991716995399,€0.90,Limonade fines bulles au citron - 25cl,30/5/2025,234,€2.90,Boissons,€2.61,Sirop/thés glacés/sodas,Sodas,66,2025-02-13 10:28
3770002654422 - LSBV - Haricots rouges bio - 500g - 16153 - 9991717093703,9991717093703,€1.05,Haricots rouges bio - 500g,30/6/2025,321,€3.76,Épicerie salée,€3.20,Pâtes/riz et légumineuses,Légumineuses,69,2025-02-12 20:47
8024046496018 - Bioitalia - Maïs bio - 150g - 16156 - 9991717192007,9991717192007,€0.29,Maïs bio - 150g,4/7/2025,2432,€1.15,Épicerie salée,€0.86,Conserves/bocaux et plats cuisinés,Légumes,851,2025-02-24 18:39
3176800030176 - Plaisance Bio - Potage indien bio - 2 portions - 16164 - 9993243066695,9993243066695,€0.40,Potage indien bio - 2 portions,13/9/2025,25,€1.59,Épicerie salée,€1.19,Conserves/bocaux et plats cuisinés,Soupes et veloutés,233,2025-02-13 17:38
3176630006150 - Le Bois Jumel  - Confiture au miel et fraises de Plougastel - 250g - 16162 - 9993341468999,9993341468999,€0.90,Confiture au miel et fraises de Plougastel - 250g,30/8/2027,659,€4.50,Épicerie sucrée,€3.15,Pâtes à tartiner / Miels / Confitures,Confitures,217,2025-02-19 11:13
3760197510009 - Savor et sens - Olivade noire à la truffe - 100g - 16168 - 9993352216903,9993352216903,€1.30,Olivade noire à la truffe - 100g,30/6/2025,117,€6.50,Épicerie salée,€4.23,Apéritifs,Tartinades,51,2025-02-15 18:17
3760037524623 - Savor et sens - Tartinade aux olives et tomates séchées - 100g - 16169 - 9993381380423,9993381380423,€0.89,Tartinade aux olives et tomates séchées - 100g,30/6/2025,143,€5.95,Épicerie salée,€3.57,Apéritifs,Tartinades,37,2025-02-16 11:30
3506070056536 - Cocolia - Sucre de coco bio - 400g - 16167 - 9993570320711,9993570320711,€2.90,Sucre de coco bio - 400g,31/12/2027,44,€10.95,Épicerie sucrée,€8.76,Pâtisserie,Sucres,46,2025-02-21 17:34
3760075072360 - Alphanova - Exfoliant visage pour peaux normales bio - 75g - 16171 - 9994522067271,9994522067271,€2.35,Exfoliant visage pour peaux normales bio - 75g,,18,€8.89,Hygiène et santé,€8.00,Corps,Crèmes/ soins/ exfoliants,2,2025-03-02 10:21
8032755621447 - Planters - Shampoing douceur Aloe vera - 200ml - 16172 - 9994570793287,9994570793287,€2.80,Shampoing douceur Aloe vera - 200ml,,58,€9.90,Hygiène et santé,€8.91,Cheveux,Shampoings liquides,6,2025-03-05 09:22
3396411223761 - Evernat - Pain muesli raisin noisettes amandes - 300g - 16177 - 9996099617095,9996099617095,€0.88,Pain muesli raisin noisettes amandes - 300g,1/5/2025,179,€3.25,Épicerie sucrée,€1.95,Petit-déjeuner,Biscottes/ tartines/ pains,1191,2025-02-24 18:39
3396411242908 - Evernat - Mini carrés de chocolat noir - 180g - 16176 - 9996099649863,9996099649863,€1.19,Mini carrés de chocolat noir - 180g,26/5/2025,944,€4.39,Épicerie sucrée,€2.85,Biscuits et gâteaux,Biscuits au chocolat,197,2025-02-25 09:23
3700376705468 - 1845 - Peigne enfant - 16178 - 9996099682631,9996099682631,€1.64,Peigne enfant,,29,€5.65,Hygiène et santé,€5.09,Cheveux,Accessoires cheveux,1,2025-04-07 09:47
631740011744 - Preserve - Brosse à dents Popi Soft Gris - 16173 - 9996099748167,9996099748167,€1.36,Brosse à dents Popi Soft Gris,,23,€5.66,Hygiène et santé,€4.53,Dentaire,Brosses à dent,2,2025-02-20 16:21
631740019740 - Preserve - Brosse à dents Soft Corail - 16174 - 9996099879239,9996099879239,€1.36,Brosse à dents Soft Corail,,6,€5.66,Hygiène et santé,€4.53,Dentaire,Brosses à dent,3,2025-02-20 16:21
8032755623182 - Planters - Crème mains Aloe vera - 75 ml - 16175 - 9996099944775,9996099944775,€2.52,Crème mains Aloe vera - 75 ml,,38,€8.50,Hygiène et santé,€7.65,Corps,Mains et pieds,10,2025-02-16 20:20
3760029841738 - Biofloral - Spray Persévérance Concentration  aux Fleurs de Bach Bio - 16179 - 9996099977543,9996099977543,€4.22,Spray Persévérance Concentration  aux Fleurs de Bach Bio,6/1/2026,6,€17.90,Maison,€12.53,Linge,Assouplissants,17,2025-02-16 22:13
3760194200309 - Savor et sens - Moutarde aux poivrons tomates oignons - 270g - 16181 - 9997472465223,9997472465223,€2.24,Moutarde aux poivrons tomates oignons - 270g,25/4/2025,84,€14.95,Épicerie salée,€8.97,Sauces,Ketchup/ mayonnaises/ moutardes,39,2025-02-16 10:06
3770002654682 - LSBV - Graines de courge bio - 300g - 16180 - 9997530661191,9997530661191,€1.58,Graines de courge bio - 300g,30/6/2025,9,€5.65,Épicerie salée,€4.80,Épices et condiments,Graines,179,2025-02-17 17:13
3396411246531 - Tartex - Émincé végétal à la provençale bio - 220g - 16183 - 9998307033415,9998307033415,€1.24,Émincé végétal à la provençale bio - 220g,21/5/2025,1027,€4.58,Épicerie salée,€2.75,Conserves/bocaux et plats cuisinés,Plats préparés,362,2025-02-26 20:24
3700006524681 - Herbes et Traditions - Huile essentielle menthe des champs bio - 10ml - 16185 - 9998307098951,9998307098951,€1.95,Huile essentielle menthe des champs bio - 10ml,1/12/2027,23,€8.15,Hygiène et santé,€6.52,Aromathérapie,Huiles essentielles,18,2025-02-19 18:23
3700067371972 - Bioregena - Huile solaire SPF 15 bio - 90ml - 16186 - 9998307164487,9998307164487,€5.57,Huile solaire SPF 15 bio - 90ml,,18,€21.90,Hygiène et santé,€18.61,Corps,Solaire,2,2025-03-27 11:05
8032755620792 - Planters - Shampoing hydratant aloe vera - 200 ml - 16190 - 9998307230023,9998307230023,€2.80,Shampoing hydratant aloe vera - 200 ml,,89,€10.50,Hygiène et santé,€9.45,Cheveux,Shampoings liquides,10,2025-02-24 09:18
7043262005003 - Tints of Nature - Soin éclat fixateur de couleur - 200ml - 16193 - 9998307295559,9998307295559,€2.71,Soin éclat fixateur de couleur - 200ml,,32,€10.15,Hygiène et santé,€9.13,Cheveux,Shampoings liquides,1,2025-02-19 18:23
704326111708 - Tints of Nature - Shampoing sec volumateur - 15g - 16191 - 9998307426631,9998307426631,€5.02,Shampoing sec volumateur - 15g,,24,€18.95,Hygiène et santé,€17.06,Cheveux,Masques et soins,0,
3396411221484 - Bonneterre - Petits feuilletés à la vanille - 120g - 16189 - 9998307492167,9998307492167,€1.19,Petits feuilletés à la vanille - 120g,3/4/2025,224,€4.40,Épicerie sucrée,€2.20,Biscuits et gâteaux,Biscuits nature et fruit,614,2025-02-24 11:39
"3396411248566 - Bonneterre - Boisson végétale Barista riz, coco, soja bio - 1L - 16182 - 9998307557703",9998307557703,€0.43,"Boisson végétale Barista riz, coco, soja bio - 1L",16/5/2025,495,€2.13,Boissons,€1.92,Jus et boissons végétales,Boissons végétales,185,2025-02-23 15:43
8032755624424 - Planters - Huile absolue réparatrice aloe vera - 50ml - 16184 - 9998307656007,9998307656007,€2.76,Huile absolue réparatrice aloe vera - 50ml,,32,€10.90,Hygiène et santé,€9.27,Aromathérapie,Huiles végétales,18,2025-02-19 19:33
8009490001087 - Siracuse - Jus de citron - 1L - 16187 - 9998307754311,9998307754311,€1.12,Jus de citron - 1L,31/5/2025,608,€4.50,Boissons,€3.15,Jus et boissons végétales,Jus de fruits,155,2025-02-17 16:18
8032755620822 - Planters - Shampoing volume aloe vera - 200ml - 16192 - 9998307787079,9998307787079,€2.80,Shampoing volume aloe vera - 200ml,,93,€11.48,Hygiène et santé,€9.76,Cheveux,Shampoings liquides,6,2025-02-20 11:42
3229820803852 - Bjorg - Nutri+ biscuits chocolat gimgembre bio - 130g - 16203 - 10004196065607,10004196065607,€0.69,Nutri+ biscuits chocolat gimgembre bio - 130g,3/5/2025,383,€2.29,Épicerie sucrée,€2.06,Biscuits et gâteaux,Biscuits au chocolat,98,2025-02-26 12:27
"3041091678508 - Blédina - Plat bébé du midi légumes, Jambon, Épinards, Semoule, Merlu, Panais, Dinde, dès 6 mois - 4x200g - 16204 - 10004196393287",10004196393287,€1.00,"Plat bébé du midi légumes, Jambon, Épinards, Semoule, Merlu, Panais, Dinde, dès 6 mois - 4x200g",8/5/2025,5,€4.40,Bébé,€3.08,Alimentation bébé,Petits pots et repas,23,2025-03-01 18:31
5013665117117 - Whole Earth - Beurre de Cacahuètes Crunchy - 340g - 16196 - 10004196557127,10004196557127,€1.35,Beurre de Cacahuètes Crunchy - 340g,23/10/2025,1190,€5.39,Épicerie sucrée,€3.77,Pâtes à tartiner / Miels / Confitures,Purées de fruits secs,397,2025-02-26 13:17
3760153841901 - JAJAJA - Sauce piquante mayo chipotle - 145g - 16206 - 10004196622663,10004196622663,€1.24,Sauce piquante mayo chipotle - 145g,6/5/2025,166,€4.99,Épicerie salée,€3.74,Sauces,Ketchup/ mayonnaises/ moutardes,39,2025-02-18 13:00
8024046479011 - Bioitalia - Haricots ronds bouillis bio - 400g - 16199 - 10004196983111,10004196983111,€0.39,Haricots ronds bouillis bio - 400g,31/7/2025,82,€1.55,Épicerie salée,€1.16,Conserves/bocaux et plats cuisinés,Légumes,146,2025-02-25 12:02
8024046486019 - Bioitalia - Mélange de légumineuses bouillies bio - 400g - 16202 - 10004432453959,10004432453959,€0.45,Mélange de légumineuses bouillies bio - 400g,25/5/2025,176,€1.80,Épicerie salée,€1.35,Conserves/bocaux et plats cuisinés,Légumes,405,2025-02-24 22:41
8024046460019 - Bioitalia - Haricots blancs espagnols bouillis bio - 400g - 16198 - 10004432486727,10004432486727,€0.40,Haricots blancs espagnols bouillis bio - 400g,31/8/2025,930,€1.60,Épicerie salée,€1.20,Conserves/bocaux et plats cuisinés,Légumes,230,2025-02-24 11:34
3229820804828 - Bjorg - Boisson végétale avoine douceur - 1L - 16475 - 10005896069447,10005896069447,€0.43,Boisson végétale avoine douceur - 1L,23/7/2025,711,€2.89,Boissons,€2.60,Jus et boissons végétales,Boissons végétales,73,2025-02-26 14:23
8720181056345 - MonSavon - Gel douche au lait d'amande bio - 300ml - 16483 - 10005896331591,10005896331591,€1.05,Gel douche au lait d'amande bio - 300ml,,81,€4.20,Hygiène et santé,€3.57,Corps,Gels douche et savons liquides,27,2025-02-25 17:37
3229820804835 - Bjorg - Lait d'amande grillée sans sucres bio - 1L - 16486 - 10005896495431,10005896495431,€0.45,Lait d'amande grillée sans sucres bio - 1L,25/7/2025,626,€2.99,Boissons,€2.69,Jus et boissons végétales,Boissons végétales,153,2025-02-26 20:15
3456300018240 - I Love Nature - Raviolis aux légumes bio - 250g - 16496 - 10005896528199,10005896528199,€0.85,Raviolis aux légumes bio - 250g,30/6/2025,1215,€2.65,Épicerie salée,€2.38,Conserves/bocaux et plats cuisinés,Plats préparés,182,2025-03-02 10:12
3041091565006 - Blédina - Purée avec morceaux pomme banane bio - 2x130g - 16494 - 10005896659271,10005896659271,€0.75,Purée avec morceaux pomme banane bio - 2x130g,27/5/2025,8,€3.09,Bébé,€2.32,Alimentation bébé,Petits pots et repas,28,2025-02-26 08:49
5412276164303 - Starbright - Serpillère / Torchon microfibre sols - 50x70cm - 16498 - 10005896790343,10005896790343,€0.96,Serpillère / Torchon microfibre sols - 50x70cm,,8,€2.83,Maison,€2.55,Entretien et ménage,Nettoyants surface et sol,64,2025-02-23 10:02
"8008074000089 - La Fiorellina - Pulpe de Tomates, origan et balsamic - 400g - 16493 - 10005896855879",10005896855879,€0.33,"Pulpe de Tomates, origan et balsamic - 400g",31/3/2025,2,€1.41,Épicerie salée,€0.70,Sauces,Sauces tomate,200,2025-02-21 10:14
3770015609082 - Breweppes - Bière IPA Wake Hop - 33cl - 16474 - 10005896921415,10005896921415,€0.65,Bière IPA Wake Hop - 33cl,31/12/2024,10,€2.95,Boissons,€1.48,Boissons alcoolisées,Bières,337,2025-02-21 06:31
3414120001125 - La Cuisine d'Océane - Salade boulgour poulet - 115g - 16497 - 10005896954183,10005896954183,€0.90,Salade boulgour poulet - 115g,14/2/2027,238,€3.90,Épicerie salée,€2.73,Conserves/bocaux et plats cuisinés,Plats préparés,73,2025-02-25 17:37
3222477804920 - Casino  - Épinards en branche bio - 420g - 16482 - 10005897118023,10005897118023,€1.16,Épinards en branche bio - 420g,31/5/2025,174,€4.99,Épicerie salée,€3.49,Conserves/bocaux et plats cuisinés,Légumes,73,2025-02-26 10:41
4046871005436 - Velvera - Disque en microfibres - 100 unités - 16481 - 10005897216327,10005897216327,€0.34,Disque en microfibres - 100 unités,,79,€1.48,Bébé,€1.18,Hygiène bébé,Couches et changes,17,2025-02-24 15:45
3307130803561 - Jardin Bio - Maïs doux bio - 330g - 16488 - 10005897576775,10005897576775,€0.95,Maïs doux bio - 330g,31/12/2026,1306,€2.84,Épicerie salée,€2.56,Conserves/bocaux et plats cuisinés,Légumes,152,2025-03-01 08:36
5029053579368 - Kleenex - Mouchoirs natural fresh 3 plis - x64 - 16490 - 10005897675079,10005897675079,€0.91,Mouchoirs natural fresh 3 plis - x64,,84,€2.60,Maison,€2.34,Accessoires ménagers,Papier WC/ mouchoirs/ essuie-tout,37,2025-02-24 20:27
3041091828583 - Blédina - Lasagnes aux légumes - 230g - 16487 - 10006346760519,10006346760519,€0.95,Lasagnes aux légumes - 230g,9/7/2025,14,€3.02,Épicerie salée,€2.72,Conserves/bocaux et plats cuisinés,Plats préparés,16,2025-02-25 12:45
3041091424020 - Blédina - Crémeux de panais butternut et polenta - 2x200g - 16478 - 10006346826055,10006346826055,€0.75,Crémeux de panais butternut et polenta - 2x200g,6/6/2025,6,€2.69,Bébé,€2.29,Alimentation bébé,Petits pots et repas,24,2025-02-25 12:10
3264963020438 - Sant'Angelo - Torsades aux oeufs - 500 g - 16519 - 10008868880711,10008868880711,€0.77,Torsades aux oeufs - 500 g,7/4/2026,290,€2.50,Épicerie salée,€2.25,Pâtes/riz et légumineuses,Pâtes,57,2025-02-23 08:38
3222472860860 - casino  - Infusion après repas Bio 20 Sachets Casino - 30g - 16514 - 10008868979015,10008868979015,€0.72,Infusion après repas Bio 20 Sachets Casino - 30g,28/1/2027,132,€2.06,Boissons,€1.85,Boissons chaudes,Infusions et tisanes,38,2025-02-23 16:55
5400141228854 - Boni - Compote de pommes - 200g - 16503 - 10008869110087,10008869110087,€0.26,Compote de pommes - 200g,31/3/2026,12,€3.25,Épicerie sucrée,€1.63,Compotes et desserts,Compotes,231,2025-02-21 21:17
4008871216106 - Albal - Sac congélation à lien petit modèle 1l x40 - 16522 - 10008869273927,10008869273927,€0.92,Sac congélation à lien petit modèle 1l x40,,81,€2.59,Maison,€2.33,Accessoires ménagers,Cuisson/ emballage/ conservation,20,2025-02-24 14:30
4008033508636 - Fackelmann - Piques à brochettes en bambou 15cm - 50 piques - 16520 - 10008869503303,10008869503303,€0.56,Piques à brochettes en bambou 15cm - 50 piques,,89,€7.69,Maison,€3.85,Accessoires ménagers,Cuisson/ emballage/ conservation,12,2025-02-26 08:25
3261831621216 - Stéphan - Le trop bon pâté forestier - 78g - 16515 - 10008869699911,10008869699911,€0.33,Le trop bon pâté forestier - 78g,10/5/2026,3,€1.83,Épicerie salée,€1.46,Apéritifs,Tartinades,236,2025-02-21 15:19
3250541913643 - Knorr - Sauce hollandaise - 30cl - 16523 - 10008870191431,10008870191431,€0.79,Sauce hollandaise - 30cl,15/4/2025,65,€2.22,Épicerie salée,€1.11,Sauces,Autres sauces,44,2025-02-23 20:43
3083681118605 - Cassegrain - Haricots noirs citronnelle et combava - 265g - 16512 - 10008871534919,10008871534919,€0.91,Haricots noirs citronnelle et combava - 265g,31/10/2025,164,€2.52,Épicerie salée,€2.27,Pâtes/riz et légumineuses,Légumineuses,123,2025-02-22 08:34
4046871009366 - Bel Nature - Cotons rectangulaires 8x10cm - x200 cotons - 16504 - 10008871665991,10008871665991,€2.20,Cotons rectangulaires 8x10cm - x200 cotons,,43,€6.31,Hygiène et santé,€5.68,Visage,Cotons et coton-tiges,11,2025-02-22 13:35
5029053032573 - Kleenex - Étuis de 9 mouchoirs natural fresh - x8 étuis - 16509 - 10008871862599,10008871862599,€0.91,Étuis de 9 mouchoirs natural fresh - x8 étuis,,63,€2.99,Maison,€2.69,Accessoires ménagers,Papier WC/ mouchoirs/ essuie-tout,27,2025-02-23 08:38
4008871201621 - Albal - Film fraîcheur - 50m - 16510 - 10008872059207,10008872059207,€1.25,Film fraîcheur - 50m,,46,€4.59,Maison,€4.13,Accessoires ménagers,Cuisson/ emballage/ conservation,27,2025-02-25 19:17
5412276029237 - Starbright - Eponges magiques 11x6x3cm - x6 éponges - 16508 - 10008872255815,10008872255815,€0.91,Eponges magiques 11x6x3cm - x6 éponges,,4,€2.99,Maison,€2.69,Accessoires ménagers,Éponges et brosses,94,2025-02-24 18:35
8710522881477 - Timotei - Shampoing 2-en-1 purifiant à l'eucalyptus bio - 250ml - 16524 - 10008872386887,10008872386887,€1.13,Shampoing 2-en-1 purifiant à l'eucalyptus bio - 250ml,,36,€4.86,Hygiène et santé,€3.89,Cheveux,Shampoings liquides,36,2025-02-25 16:12
4046871005887 - Velvera - Maxi cotons ovales - 40 cotons - 16517 - 10008872517959,10008872517959,€0.38,Maxi cotons ovales - 40 cotons,,48,€1.74,Bébé,€1.30,Hygiène bébé,Couches et changes,47,2025-02-22 10:04
8720181015397 - MonSavon - Gel douche lait d'avoine pour peaux sensibles bio - 300ml - 16511 - 10008872649031,10008872649031,€1.04,Gel douche lait d'avoine pour peaux sensibles bio - 300ml,,176,€4.51,Hygiène et santé,€3.61,Corps,Gels douche et savons liquides,27,2025-02-26 08:23
5410721393643 - Nicols - Eponges 100% fibres recyclées - 3 éponges - 16507 - 10008872714567,10008872714567,€0.65,Eponges 100% fibres recyclées - 3 éponges,,93,€3.84,Maison,€2.88,Accessoires ménagers,Éponges et brosses,116,2025-02-22 12:03
3229820804873 - Bjorg - Boisson végétale au chocolat - 1L - 16502 - 10008872878407,10008872878407,€0.39,Boisson végétale au chocolat - 1L,24/7/2025,647,€2.61,Boissons,€2.35,Jus et boissons végétales,Boissons végétales,133,2025-02-26 13:42
3077316084502 - Crown's - Mayonnaisaise de Lille - 175g - 16534 - 10010450329927,10010450329927,€0.52,Mayonnaisaise de Lille - 175g,4/7/2025,127,€2.08,Épicerie salée,€1.56,Sauces,Ketchup/ mayonnaises/ moutardes,113,2025-03-13 17:47
3077318003327 - Clovis - Moutarde de Dijon - 200g - 16537 - 10010450362695,10010450362695,€0.48,Moutarde de Dijon - 200g,30/5/2025,408,€1.93,Épicerie salée,€1.45,Sauces,Ketchup/ mayonnaises/ moutardes,0,
3596200068713 - Weleda - Gel douche dynamisant au gingembre bio - 400ml - 16531 - 10010450395463,10010450395463,€2.86,Gel douche dynamisant au gingembre bio - 400ml,30/9/2025,52,€9.90,Hygiène et santé,€8.91,Aromathérapie,Huiles essentielles,8,2025-02-22 12:52
3077314914504 - Crown's - Moutarde à l'ancienne - 200g - 16535 - 10010450526535,10010450526535,€0.48,Moutarde à l'ancienne - 200g,6/9/2025,329,€1.93,Épicerie salée,€1.45,Sauces,Ketchup/ mayonnaises/ moutardes,79,2025-03-14 09:17
3265660399308 - Bocoton - Lingettes démaquillantes bio - 20 pcs - 16533 - 10010450592071,10010450592071,€0.65,Lingettes démaquillantes bio - 20 pcs,30/9/2025,5,€1.92,Hygiène et santé,€1.73,Visage,Nettoyants et démaquillants,42,2025-02-26 09:49
3077311014504 - Crown's - Moutarde au Miel - 200g - 16536 - 10010450690375,10010450690375,€0.52,Moutarde au Miel - 200g,20/9/2025,174,€2.08,Épicerie salée,€1.56,Sauces,Ketchup/ mayonnaises/ moutardes,126,2025-03-13 21:17
"3760109910040 - Bapbap - Bière brune Toast 4,5% - 33cl - 16527 - 10010450788679",10010450788679,€0.74,"Bière brune Toast 4,5% - 33cl",30/9/2025,467,€3.35,Boissons,€2.68,Boissons alcoolisées,Bières,61,2025-02-23 18:39
8714799302499 - Jopen - Bière blonde bio - 33cl - 16526 - 10010450854215,10010450854215,€0.59,Bière blonde bio - 33cl,30/8/2026,220,€3.00,Boissons,€2.10,Boissons alcoolisées,Bières,92,2025-02-24 14:30
3264221620226 - Embal'Sac - Sacs poubelles 150L avec lien de fermeture - x20 sacs - 16538 - 10010450952519,10010450952519,€3.15,Sacs poubelles 150L avec lien de fermeture - x20 sacs,,65,€16.45,Maison,€10.69,Accessoires ménagers,Sacs poubelles,10,2025-02-25 12:02
5908272614640 - Tami - Cotons démaquillants - 120 cotons - 16529 - 10010450985287,10010450985287,€0.36,Cotons démaquillants - 120 cotons,,47,€1.56,Bébé,€1.25,Hygiène bébé,Couches et changes,60,2025-02-26 13:25
4001639183177 - BioWagner - Fenouil en grains bio - 30g - 16530 - 10010368573767,10010368573767,€0.79,Fenouil en grains bio - 30g,31/7/2025,219,€2.39,Épicerie salée,€2.15,Épices et condiments,Épices et aromates,22,2025-03-05 16:39
3760109911306 - Bapbap - Bière pale ale Shifumi bio - 33cl - 16528 - 10010451116359,10010451116359,€0.74,Bière pale ale Shifumi bio - 33cl,30/9/2025,535,€3.35,Boissons,€2.68,Boissons alcoolisées,Bières,65,2025-02-24 14:30
3700214619124 - Alter Eco - Chocolat noir aux noix de muesli et caramel - 150g - 16540 - 10011462074695,10011462074695,€1.26,Chocolat noir aux noix de muesli et caramel - 150g,23/5/2025,85,€4.19,Épicerie sucrée,€3.77,Chocolat et confiseries,Tablettes de chocolat,97,2025-02-26 14:55
3490941708818 - Menguy's - Cracky's soufflés de maïs au peanut butter - 240g - 16543 - 10011462238535,10011462238535,€0.78,Cracky's soufflés de maïs au peanut butter - 240g,24/7/2025,338,€2.36,Épicerie salée,€2.12,Apéritifs,Chips et gâteaux,62,2025-02-27 21:56
3363790000450 - Thés de la Pagode - Complément alimentaire immunité - 60 gélules - 16541 - 10011462304071,10011462304071,€5.98,Complément alimentaire immunité - 60 gélules,31/7/2026,206,€24.90,Hygiène et santé,€18.67,Santé,Compléments alimentaires,4,2025-03-02 19:48
3363790000467 - Thés de la Pagode - Complément alimentaire minceur - 60 gélules - 16542 - 10011462369607,10011462369607,€5.98,Complément alimentaire minceur - 60 gélules,30/10/2026,206,€24.90,Hygiène et santé,€18.67,Santé,Compléments alimentaires,4,2025-03-01 19:36
"4046871005917 - Bel Baby - Carrés de coton 7,5 x 7,5cm - 100 unités - 16539 - 10011462467911",10011462467911,€0.77,"Carrés de coton 7,5 x 7,5cm - 100 unités",,26,€2.40,Bébé,€2.16,Hygiène bébé,Couches et changes,19,2025-02-26 20:15
3363796600203 - Thés de la Pagode - Thé noir en feuilles délice d'agrumes bio - 50g - 16549 - 10011576238407,10011576238407,€2.88,Thé noir en feuilles délice d'agrumes bio - 50g,31/10/2026,52,€10.30,Boissons,€8.76,Boissons chaudes,Thés et matés,8,2025-03-04 20:53
3363796367670 - Thés de la Pagode - Thé vert du Dragon en feuilles bio - 100G - 16550 - 10011650588999,10011650588999,€4.37,Thé vert du Dragon en feuilles bio - 100G,30/1/2028,115,€16.80,Boissons,€13.44,Boissons chaudes,Thés et matés,5,2025-03-01 17:27
3307130802625 - Jardin Bio - Petits pois bio - 330g - 16547 - 10011982856519,10011982856519,€0.95,Petits pois bio - 330g,31/7/2027,1265,€2.93,Épicerie salée,€2.64,Conserves/bocaux et plats cuisinés,Légumes,103,2025-03-01 12:06
3770014111630 - Transition - Pur jus de raisin - 75cl - 16548 - 10011982922055,10011982922055,€0.88,Pur jus de raisin - 75cl,11/6/2026,244,€3.50,Boissons,€3.15,Jus et boissons végétales,Jus de fruits,55,2025-03-06 12:57
3363790000443 - Thés de la Pagode - Complément alimentaire sommeil bio - 60 gélules - 16546 - 10011982987591,10011982987591,€5.98,Complément alimentaire sommeil bio - 60 gélules,31/7/2026,209,€24.90,Hygiène et santé,€18.67,Santé,Compléments alimentaires,1,2025-04-12 15:16
5410153215636 - Greenyard - Haricots rouges bio - 240g - 16553 - 10017763524935,10017763524935,€0.59,Haricots rouges bio - 240g,31/12/2026,122,€2.55,Épicerie salée,€1.78,Conserves/bocaux et plats cuisinés,Légumes,179,2025-03-01 15:20
3363790367294 - Thés de la Pagode - Rooibos citron gingembre bio - 100g - 16556 - 10017763557703,10017763557703,€3.92,Rooibos citron gingembre bio - 100g,28/2/2027,102,€16.35,Boissons,€12.26,Boissons chaudes,Infusions et tisanes,18,2025-02-28 10:01
3760204874421 - J.B - Sauce Soja spécial Wok et Marinade - 625ml - 16557 - 10017763623239,10017763623239,€1.45,Sauce Soja spécial Wok et Marinade - 625ml,14/11/2025,121,€6.24,Épicerie salée,€4.37,Sauces,Cuisine du monde,36,2025-02-28 09:42
5013665116554 - Whole Earth - Beurre de cacahuètes squeeze bio - 320g - 16552 - 10017765949767,10017765949767,€1.31,Beurre de cacahuètes squeeze bio - 320g,18/9/2025,1094,€4.36,Épicerie sucrée,€3.92,Pâtes à tartiner / Miels / Confitures,Purées de fruits secs,133,2025-02-26 13:42
3760153931695 - Rue Traversette - Tapenade d'olive verte - 90g - 16559 - 10017765982535,10017765982535,€1.18,Tapenade d'olive verte - 90g,30/8/2025,666,€5.40,Épicerie salée,€3.78,Apéritifs,Tartinades,82,2025-02-26 21:50
4062300201729 - Hipp - Délice de fruits pommes raisins bio - 125g - 16567 - 10019776692551,10019776692551,€0.83,Délice de fruits pommes raisins bio - 125g,31/7/2025,99,€3.45,Bébé,€2.59,Alimentation bébé,Petits pots et repas,25,2025-03-05 08:37
4029800581201 - Bahia - Raz el Hanout - 100g - 16573 - 10019777282375,10019777282375,€0.66,Raz el Hanout - 100g,31/7/2025,44,€2.00,Épicerie salée,€1.80,Épices et condiments,Épices et aromates,31,2025-03-06 02:08
4062300163904 - Hipp - Une assiette macaroni tomates colin d'Alaska - 260g - 16560 - 10019777478983,10019777478983,€0.64,Une assiette macaroni tomates colin d'Alaska - 260g,16/4/2025,18,€2.68,Bébé,€1.34,Alimentation bébé,Petits pots et repas,29,2025-03-05 09:58
4062300201750 - Hipp - Petits pots légumes bébé bio - 4x125g - 16572 - 10019777642823,10019777642823,€1.02,Petits pots légumes bébé bio - 4x125g,30/4/2025,35,€4.25,Bébé,€3.19,Alimentation bébé,Petits pots et repas,13,2025-03-05 08:37
4062300126602 - Hipp - Coupelles pommes coings bio - 4x100g - 16563 - 10019777872199,10019777872199,€0.78,Coupelles pommes coings bio - 4x100g,21/8/2025,96,€3.25,Épicerie sucrée,€2.44,Compotes et desserts,Compotes,54,2025-03-07 11:42
4062300135871 - Hipp - Petit pot potiron et pommes de terre bio - 125g - 16571 - 10019778003271,10019778003271,€0.41,Petit pot potiron et pommes de terre bio - 125g,31/10/2025,209,€1.69,Bébé,€1.27,Alimentation bébé,Petits pots et repas,31,2025-03-05 10:12
4062300237100 - Hipp - Petit pot panais et pommes de terre bio - 190g - 16570 - 10019778134343,10019778134343,€0.43,Petit pot panais et pommes de terre bio - 190g,31/7/2025,102,€1.79,Bébé,€1.34,Alimentation bébé,Petits pots et repas,24,2025-03-05 08:37
4062300082533 - Hipp - Haricots verts et pommes de terre bio - 125g - 16568 - 10019778396487,10019778396487,€0.43,Haricots verts et pommes de terre bio - 125g,31/10/2025,221,€1.79,Bébé,€1.34,Alimentation bébé,Petits pots et repas,25,2025-03-05 08:37
4062300139305 - Hipp - Courgettes et pommes de terre bio - 125g - 16565 - 10019778593095,10019778593095,€0.43,Courgettes et pommes de terre bio - 125g,31/10/2025,216,€1.79,Bébé,€1.34,Alimentation bébé,Petits pots et repas,24,2025-03-05 08:37
3327271708747 - Menguy's - Soufflés de maïs au beurre de cacahuète - 180g - 16906 - 10021379572039,10021379572039,€0.58,Soufflés de maïs au beurre de cacahuète - 180g,24/7/2025,318,€1.76,Épicerie salée,€1.58,Apéritifs,Chips et gâteaux,82,2025-02-27 15:10
3770018687094 - O'Vert - Gaspacho courgette menthe curry bio - 75cl - 17277 - 10021379670343,10021379670343,€1.50,Gaspacho courgette menthe curry bio - 75cl,6/9/2025,2,€5.60,Épicerie salée,€4.48,Conserves/bocaux et plats cuisinés,Soupes et veloutés,34,2025-02-28 20:07
3760303750176 - Il biologico Italiano - Pesto calabrese bio - 130g - 16905 - 10021379768647,10021379768647,€1.72,Pesto calabrese bio - 130g,1/8/2025,293,€5.75,Épicerie salée,€5.17,Sauces,Pestos,7,2025-03-06 12:25
3770018687650 - O'Vert - Tartinade patate douce violette et orange - 110g - 16938 - 10022293897543,10022293897543,€0.80,Tartinade patate douce violette et orange - 110g,22/12/2025,355,€3.00,Épicerie salée,€2.40,Apéritifs,Tartinades,53,2025-02-28 22:39
3770018687261 - O'Vert - Velouté au Potimarron - 48cl - 16939 - 10022293930311,10022293930311,€1.15,Velouté au Potimarron - 48cl,7/11/2025,141,€4.95,Épicerie salée,€3.46,Apéritifs,Tartinades,33,2025-02-28 20:07
"3770018687070 - O'Vert - Gaspacho tomate, pastèque et poivron bio - 48cl - 17273 - 10023956185415",10023956185415,€1.15,"Gaspacho tomate, pastèque et poivron bio - 48cl",12/9/2025,348,€4.30,Épicerie salée,€3.44,Conserves/bocaux et plats cuisinés,Soupes et veloutés,72,2025-03-03 17:47
3770018687087 - O'Vert - Gaspacho de tomate jaune bio - 48cl - 17272 - 10023956218183,10023956218183,€1.15,Gaspacho de tomate jaune bio - 48cl,20/9/2025,131,€4.30,Épicerie salée,€3.44,Conserves/bocaux et plats cuisinés,Soupes et veloutés,30,2025-03-03 17:47
"3770018687780 - O'Vert - Velouté de courgettes, menthe et curry  bio - 48cl - 17271 - 10023956316487",10023956316487,€1.15,"Velouté de courgettes, menthe et curry  bio - 48cl",17/8/2025,69,€4.95,Épicerie salée,€3.46,Conserves/bocaux et plats cuisinés,Soupes et veloutés,32,2025-03-04 13:06
3770018687063 - O'Vert - Gaspacho menthe et curry - 48cl - 17270 - 10023956382023,10023956382023,€1.15,Gaspacho menthe et curry - 48cl,11/8/2025,215,€4.60,Épicerie salée,€3.45,Conserves/bocaux et plats cuisinés,Soupes et veloutés,25,2025-03-07 10:16
3363791712949 - Thés de la Pagode - Thé Vert aux Agrumes Édition Prestige - 100g - 17269 - 10023956414791,10023956414791,€4.58,Thé Vert aux Agrumes Édition Prestige - 100g,31/1/2028,51,€16.35,Boissons,€13.90,Boissons chaudes,Thés et matés,9,2025-03-06 18:32
3363790367614 - Thés de la Pagode - Thé Vert au Jasmin Bio Edition Prestige - 100 g - 17268 - 10023956447559,10023956447559,€4.54,Thé Vert au Jasmin Bio Edition Prestige - 100 g,31/1/2027,48,€16.80,Boissons,€13.44,Boissons chaudes,Thés et matés,12,2025-03-11 13:27
3363796367335 - Thés de la Pagode - Thé Vert Cru Naturel - Edition Prestige - 100g - 17267 - 10023956480327,10023956480327,€4.65,Thé Vert Cru Naturel - Edition Prestige - 100g,31/12/2027,59,€15.00,Boissons,€13.50,Boissons chaudes,Thés et matés,1,2025-03-23 12:11
3363795000080 - Thés de la Pagode - Infusion BIO Yin & Yang digest - 80 g - 17234 - 10023956545863,10023956545863,€4.55,Infusion BIO Yin & Yang digest - 80 g,30/9/2026,53,€15.70,Boissons,€13.34,Boissons chaudes,Infusions et tisanes,7,2025-03-08 11:00
3363795000059 - Thés de la Pagode - Infusion Taille de Geisha Bio - 70g - 17266 - 10023956578631,10023956578631,€4.55,Infusion Taille de Geisha Bio - 70g,30/6/2027,54,€15.70,Hygiène et santé,€13.34,Santé,Compléments alimentaires,6,2025-03-08 20:51
3363795000028 - Thés de la Pagode - Infusion bio Empire des songes passiflore & bigaradier & sa boîte édition prestige - 50g - 17265 - 10023956611399,10023956611399,€4.55,Infusion bio Empire des songes passiflore & bigaradier & sa boîte édition prestige - 50g,28/2/2027,53,€15.70,Boissons,€13.34,Boissons chaudes,Infusions et tisanes,7,2025-03-08 11:00
3363790000429 - Thés de la Pagode - Cholestérol Bio Gélules - 60 gélules  - 17264 - 10023956676935,10023956676935,€5.98,Cholestérol Bio Gélules - 60 gélules ,30/4/2027,194,€24.90,Hygiène et santé,€18.67,Santé,Compléments alimentaires,16,2025-03-07 21:30
3363790000436 - Thés de la Pagode - Digestion Bio 60 Gélules - 17263 - 10023956742471,10023956742471,€5.98,Digestion Bio 60 Gélules,31/7/2026,208,€24.90,Hygiène et santé,€18.67,Santé,Compléments alimentaires,2,2025-03-09 06:25
4001639184006 - BioWagner - Anis vert entier bio - 45g - 18344 - 10023956775239,10023956775239,€1.45,Anis vert entier bio - 45g,31/8/2025,109,€4.39,Épicerie salée,€3.95,Épices et condiments,Épices et aromates,11,2025-03-05 16:51
4001639183719 - BioWagner - Ciboulette bio - 6g - 18450 - 10025278243143,10025278243143,€0.79,Ciboulette bio - 6g,31/7/2025,138,€2.39,Épicerie salée,€2.15,Épices et condiments,Épices et aromates,22,2025-03-05 16:51
4068300565571 - Fuchs - Nigelle en grains - 38g - 18457 - 10025330671943,10025330671943,€0.64,Nigelle en grains - 38g,30/9/2025,156,€1.95,Épicerie salée,€1.76,Épices et condiments,Épices et aromates,43,2025-03-05 16:39
871561004819 - Touch Organic - Thé vert bio - 100g - 18461 - 10025330737479,10025330737479,€1.11,Thé vert bio - 100g,5/1/2026,211,€5.03,Boissons,€3.52,Boissons chaudes,Thés et matés,29,2025-03-08 14:20
807205114903 - Natures Plus - Kudzu - 60 gélules - 18453 - 10025330868551,10025330868551,€6.75,Kudzu - 60 gélules,1/12/2025,17,€30.09,Hygiène et santé,€21.06,Santé,Compléments alimentaires,3,2025-03-04 04:53
3760311992049 - Le Coq Noir - Crème coco masala équitable bio - 200ml - 18451 - 10025330966855,10025330966855,,Crème coco masala équitable bio - 200ml,16/1/2025,0,€5.50,Épicerie salée,€2.75,Aides culinaires,Crèmerie ,48,2025-03-01 11:18
3760211480097 - Laboratoires De Biarritz - Lait solaire SPF30 bio - 100ml - 18454 - 10025331032391,10025331032391,€4.58,Lait solaire SPF30 bio - 100ml,,6,€20.90,Hygiène et santé,€15.67,Corps,Solaire,13,2025-03-01 17:18
8024046004404 - Bioitalia - Haricots borlotti bio - 400g - 18448 - 10025331163463,10025331163463,€0.45,Haricots borlotti bio - 400g,31/5/2025,437,€1.80,Épicerie salée,€1.35,Conserves/bocaux et plats cuisinés,Légumes,272,2025-03-01 11:50
3770002654620 - LSBV - Pois chiches bio - 500g - 18459 - 10026361880903,10026361880903,€0.81,Pois chiches bio - 500g,30/6/2025,319,€2.90,Épicerie salée,€2.46,Pâtes/riz et légumineuses,Légumineuses,82,2025-03-03 16:35
3760194228839 - Savor et sens - Moutarde à l'ancienne è la crème balsamique XXL - 18456 - 10026361913671,10026361913671,€2.69,Moutarde à l'ancienne è la crème balsamique XXL,25/4/2025,84,€14.95,Épicerie salée,€8.97,Sauces,Ketchup/ mayonnaises/ moutardes,20,2025-03-05 13:51
3017800519486 - Maingourd - Épinards en branche - 380g - 26270 - 10032966336839,10032966336839,€0.33,Épinards en branche - 380g,31/5/2025,1407,€1.25,Épicerie salée,€0.75,Conserves/bocaux et plats cuisinés,Légumes,276,2025-03-05 16:08
3269712401575  - Le Coq Noir - Tartinable de haricots mexicain bio  - 100g - 26281 - 10032966369607,10032966369607,€0.70,Tartinable de haricots mexicain bio  - 100g,4/6/2026,52,€2.50,Épicerie salée,€2.13,Apéritifs,Tartinades,37,2025-03-07 00:43
3469613107037 - La Délicerie - Confiture de fraise moins sucrée - 250g - 26267 - 10032966402375,10032966402375,€1.33,Confiture de fraise moins sucrée - 250g,28/2/2026,94,€4.75,Épicerie sucrée,€4.04,Pâtes à tartiner / Miels / Confitures,Confitures,69,2025-03-06 17:41
3469613107020 - La Délicerie - Confiture figue moins sucrée Bio - 250g - 26269 - 10032966435143,10032966435143,€1.39,Confiture figue moins sucrée Bio - 250g,28/2/2026,144,€4.95,Épicerie sucrée,€4.21,Pâtes à tartiner / Miels / Confitures,Confitures,52,2025-03-08 12:06
3017800519479 - Sans marque - Petits pois - 400g - 26274 - 10032966467911,10032966467911,€0.33,Petits pois - 400g,31/7/2026,1581,€1.25,Épicerie salée,€1.00,Conserves/bocaux et plats cuisinés,Légumes,137,2025-03-07 11:42
3017800519431 - Sans marque - Haricots beurres bio - 330g - 26272 - 10032966566215,10032966566215,€0.38,Haricots beurres bio - 330g,31/8/2025,1139,€1.35,Épicerie salée,€1.15,Pâtes/riz et légumineuses,Légumineuses,376,2025-03-05 16:23
3469671255077 - Le fruit français  - Confiture de myrtille bio - 250g - 26268 - 10032966598983,10032966598983,€1.62,Confiture de myrtille bio - 250g,27/6/2027,118,€5.79,Épicerie sucrée,€4.92,Pâtes à tartiner / Miels / Confitures,Confitures,74,2025-03-06 11:28
3469671255091 - Le fruit français  - Framboise de France bio - 250g - 26271 - 10032966664519,10032966664519,€1.67,Framboise de France bio - 250g,6/10/2026,53,€5.96,Épicerie sucrée,€5.07,Pâtes à tartiner / Miels / Confitures,Confitures,31,2025-03-14 10:39
3770010033622 - Carrés Futés - Citron mandarine - 70g - 26264 - 10032966697287,10032966697287,€1.22,Citron mandarine - 70g,28/2/2026,10,€5.30,Épicerie salée,€3.71,Épices et condiments,Condiments,76,2025-03-08 07:27
3469613107013 - La Délicerie - Confiture d'abricot moins sucrée bio - 250g - 26265 - 10032966762823,10032966762823,€1.39,Confiture d'abricot moins sucrée bio - 250g,28/2/2026,145,€4.95,Épicerie sucrée,€4.21,Pâtes à tartiner / Miels / Confitures,Confitures,59,2025-03-08 12:06
3476130199193 - Soleil des Îles - Huile scintillante Monoï de Tahiti Parfum tiaré - 150 mL - 29622 - 10033836065095,10033836065095,€1.11,Huile scintillante Monoï de Tahiti Parfum tiaré - 150 mL,,31,€8.15,Hygiène et santé,€4.08,Corps,Solaire,29,2025-03-14 10:03
3476130199650 - Soleil des Îles - Brume de lait SPF50 parfum coco - 150 ml - 29621 - 10033836196167,10033836196167,€3.19,Brume de lait SPF50 parfum coco - 150 ml,,116,€13.99,Hygiène et santé,€11.19,Corps,Solaire,4,2025-03-14 11:35
3476130199216 - Soleil des Îles - Huile sèche avec accélérateur de bronzage Monoï parfum tiare SPF30 - 150ml - 29620 - 10033836228935,10033836228935,€1.75,Huile sèche avec accélérateur de bronzage Monoï parfum tiare SPF30 - 150ml,,65,€8.99,Hygiène et santé,€6.29,Corps,Solaire,19,2025-03-14 11:54
3660902009944 - La Pointe de Penmarc'h - Sardines à l'ancienne à poêler au beurre de baratte breton et salicornes de Bretagne - 115g - 34131 - 10033836294471,10033836294471,€1.25,Sardines à l'ancienne à poêler au beurre de baratte breton et salicornes de Bretagne - 115g,31/8/2025,550,€5.00,Épicerie salée,€4.00,Conserves/bocaux et plats cuisinés,Produits de la mer,41,2025-03-12 17:17
3263670000382 - Connétable - Sardines sans arêtes et sans peau - 140g  - 32871 - 10037790998855,10037790998855,€1.20,Sardines sans arêtes et sans peau - 140g ,30/9/2027,212,€3.00,Épicerie salée,€2.70,Conserves/bocaux et plats cuisinés,Produits de la mer,290,2025-03-08 08:55
3263670337518 - Connétable - Thon albacore entier au naturel - 160g - 32868 - 10037791031623,10037791031623,€1.45,Thon albacore entier au naturel - 160g,30/6/2026,144,€3.00,Épicerie salée,€2.70,Conserves/bocaux et plats cuisinés,Produits de la mer,203,2025-03-08 08:35
3476130199179 - Soleil des Îles - Huile sèche parfum coco - 150ml - 33046 - 10037791064391,10037791064391,€1.62,Huile sèche parfum coco - 150ml,,53,€7.85,Hygiène et santé,€5.49,Corps,Solaire,7,2025-03-14 14:23
3476130197106 - Soleil des Îles - Graisse à traire tube sensation peau nue SPF0 - 125ml - 33045 - 10037791097159,10037791097159,€1.11,Graisse à traire tube sensation peau nue SPF0 - 125ml,,25,€7.85,Hygiène et santé,€3.92,Corps,Solaire,35,2025-03-14 17:24
3476130229036 - Soleil des Îles - Pur Monoï de Tahiti Multi-Soins - 150 ml - 33044 - 10037791129927,10037791129927,€1.93,Pur Monoï de Tahiti Multi-Soins - 150 ml,,47,€9.79,Hygiène et santé,€6.85,Corps,Solaire,13,2025-03-26 16:02
3476130199636 - Soleil des Îles - Brume de lait parfum coco SPF30 - 150ml - 33043 - 10037791195463,10037791195463,€2.79,Brume de lait parfum coco SPF30 - 150ml,,119,€13.89,Hygiène et santé,€9.72,Corps,Solaire,1,2025-03-14 11:35
3760322050042 - Soleil des Îles - Baume après-soleil - Parfum tropical - 150 ml - 33042 - 10037791260999,10037791260999,€1.01,Baume après-soleil - Parfum tropical - 150 ml,,49,€5.65,Hygiène et santé,€3.67,Corps,Solaire,23,2025-03-13 12:07
3476130197168 - Soleil des Îles - Graisse a traite tiare SPF0 - 150ml - 33041 - 10037791293767,10037791293767,€1.06,Graisse a traite tiare SPF0 - 150ml,,50,€5.89,Hygiène et santé,€3.83,Corps,Solaire,10,2025-03-15 21:11
3476130199049 - Soleil des Îles - Brume d’huile sèche parfum des îles SPF 0 - 200ml - 33040 - 10037791359303,10037791359303,€2.40,Brume d’huile sèche parfum des îles SPF 0 - 200ml,,56,€11.55,Hygiène et santé,€8.09,Corps,Solaire,4,2025-04-04 14:47
3476130199353 - Soleil des Îles - Spray solaire parfum tiaré SPF50 - 150ml - 33039 - 10037791424839,10037791424839,€2.37,Spray solaire parfum tiaré SPF50 - 150ml,,106,€11.35,Hygiène et santé,€8.51,Corps,Solaire,14,2025-03-23 15:49
3760322050028 - Soleil des Îles - Baume après-soleil à la mangue - 150ml - 33038 - 10037791457607,10037791457607,€1.01,Baume après-soleil à la mangue - 150ml,,100,€8.90,Hygiène et santé,€4.45,Corps,Solaire,10,2025-03-14 16:52
3760322050059 - Soleil des Îles - Gelée après-soleil parfum tropical - 150ml - 33037 - 10037791523143,10037791523143,€1.17,Gelée après-soleil parfum tropical - 150ml,,48,€6.15,Hygiène et santé,€4.00,Corps,Solaire,12,2025-03-14 11:35
3476130197052 - Soleil des Îles - Graisse à traire parfum vanille - 150ml - 33036 - 10037791555911,10037791555911,€1.09,Graisse à traire parfum vanille - 150ml,,53,€5.89,Hygiène et santé,€3.83,Corps,Solaire,7,2025-03-19 14:54
3660902008589 - La Pointe de Penmarc'h - Sardines à l'ancienne à poêler au beurre de baratte et aux épices an oriant - 115g - 32923 - 10037791654215,10037791654215,€1.25,Sardines à l'ancienne à poêler au beurre de baratte et aux épices an oriant - 115g,31/8/2025,270,€5.00,Épicerie salée,€4.00,Conserves/bocaux et plats cuisinés,Produits de la mer,61,2025-03-08 08:55
3476130199155 - Soleil des Îles - Huile seche rea parfum des iles SPF 0- 200ml - 33034 - 10037791752519,10037791752519,€1.62,Huile seche rea parfum des iles SPF 0- 200ml,,41,€7.85,Hygiène et santé,€5.49,Corps,Solaire,19,2025-03-22 20:18
3476130199162 - Soleil des Îles - Huile sèche parfum vanille - 150ml - 33032 - 10037791818055,10037791818055,€1.62,Huile sèche parfum vanille - 150ml,,55,€7.85,Hygiène et santé,€5.49,Corps,Solaire,5,2025-03-14 09:25
3476130199148 - Soleil des Îles - Huile sèche bronzante parfum tiaré SPF20 - 150ml - 33033 - 10037791850823,10037791850823,€1.56,Huile sèche bronzante parfum tiaré SPF20 - 150ml,,66,€8.39,Hygiène et santé,€5.45,Corps,Solaire,18,2025-03-14 11:35
3476130199339 - Soleil des Îles - Spray au monoï parfum tiaré SPF30 - 200ml - 33031 - 10037791883591,10037791883591,€1.98,Spray au monoï parfum tiaré SPF30 - 200ml,,109,€11.25,Hygiène et santé,€7.31,Corps,Solaire,11,2025-03-14 08:34
3476130197182 - Soleil des Îles - Graisse à traire au monoï SPF0 - 150ml - 33030 - 10037791949127,10037791949127,€1.09,Graisse à traire au monoï SPF0 - 150ml,,39,€5.89,Hygiène et santé,€3.83,Corps,Solaire,21,2025-03-14 09:25
3476130197199 - Soleil des Îles - Graisse à traire scintillante parfum tiaré - 150ml - 33029 - 10037791981895,10037791981895,€1.09,Graisse à traire scintillante parfum tiaré - 150ml,,46,€6.55,Hygiène et santé,€3.93,Corps,Solaire,14,2025-03-19 14:54
3476130229272 - Soleil des Îles - Lait hydratant après-soleil bio - 150ml - 33028 - 10037792014663,10037792014663,€1.31,Lait hydratant après-soleil bio - 150ml,,69,€6.59,Hygiène et santé,€4.61,Corps,Solaire,14,2025-03-14 09:25
3770007543738 - SuperNature - Granola Fruits Rouges et cajou Bio- 350g - 40674 - 10038789701959,10038789701959,€1.73,Granola Fruits Rouges et cajou Bio- 350g,5/6/2025,83,€7.95,Épicerie sucrée,€5.96,Petit-déjeuner,Muesli / Granolas,19,2025-03-31 21:04
3760372130183 - SuperNature - Barre choco collagène - 35g - 34361 - 10038789800263,10038789800263,€0.82,Barre choco collagène - 35g,30/11/2025,271,€2.95,Épicerie sucrée,€2.36,Biscuits et gâteaux,Barres de céréales et energy balls,28,2025-03-25 19:02
3760372130190 - SuperNature - Barre protéinée Choconuts bio - 34g - 36259 - 10038789865799,10038789865799,€0.78,Barre protéinée Choconuts bio - 34g,16/10/2025,288,€2.95,Épicerie sucrée,€2.36,Biscuits et gâteaux,Barres de céréales et energy balls,12,2025-03-28 17:44
3760372130329 - SuperNature - Barre protéinée chocolat au lait - 34g - 35379 - 10038789898567,10038789898567,€0.78,Barre protéinée chocolat au lait - 34g,6/12/2025,290,€2.95,Épicerie sucrée,€2.36,Biscuits et gâteaux,Barres de céréales et energy balls,10,2025-03-28 17:44
3476130192224 - Soleil des Îles - Huile en spray au monoï pour corps et cheveux - 150ml - 38427 - 10038789964103,10038789964103,€1.01,Huile en spray au monoï pour corps et cheveux - 150ml,,22,€8.25,Hygiène et santé,€4.13,Corps,Solaire,38,2025-03-14 09:25
3770013238062 - Les Bio Frères - Magnésium bio - 90 comprimés - 41818 - 10045648699719,10045648699719,€6.73,Magnésium bio - 90 comprimés,30/9/2025,17,€25.90,Hygiène et santé,€20.72,Santé,Compléments alimentaires,9,2025-03-17 13:23
3770013238000 - Les Bio Frères - Vitamine B12 goût poire-vanille bio - 120 comprimés - 41817 - 10045648830791,10045648830791,€5.23,Vitamine B12 goût poire-vanille bio - 120 comprimés,30/11/2025,5,€19.90,Hygiène et santé,€15.92,Santé,Compléments alimentaires,10,2025-03-12 21:40
3770013238215 - Les Bio Frères - Vitamine B8 goût agrumes bio - 120 comprimés - 41816 - 10045648863559,10045648863559,€4.98,Vitamine B8 goût agrumes bio - 120 comprimés,30/6/2025,19,€19.90,Hygiène et santé,€14.92,Santé,Compléments alimentaires,5,2025-03-21 13:48
3469631201021 - Folines - Compote pomme orange épices de Noël bio - 120g - 42657 - 10048527302983,10048527302983,€0.46,Compote pomme orange épices de Noël bio - 120g,8/11/2025,162,€1.76,Épicerie sucrée,€1.41,Compotes et desserts,Compotes,66,2025-03-24 19:51
3469631201038 - Folines - Compote pomme miel et pain d'épices - 120g - 42615 - 10048527368519,10048527368519,€0.46,Compote pomme miel et pain d'épices - 120g,29/9/2025,134,€1.76,Épicerie sucrée,€1.41,Compotes et desserts,Compotes,59,2025-03-24 19:51
3770013238048 - Les Bio Frères - Vitamine B12 goût pomme bio - 120 comprimés - 44327 - 10050540110151,10050540110151,€5.23,Vitamine B12 goût pomme bio - 120 comprimés,30/11/2025,6,€19.90,Hygiène et santé,€15.92,Santé,Superaliments,14,2025-03-21 08:48
3077318779109 - La Vinaigrerie du Midi - Vinaigre d'alcool blanc 6% bio - 1L - 44326 - 10050540142919,10050540142919,€0.19,Vinaigre d'alcool blanc 6% bio - 1L,,72,€1.92,Maison,€1.73,Entretien et ménage,Nettoyants surface et sol,139,2025-03-13 18:59
3396410048211 - Evernat - Pain de mie blanc longue conservation bio - 350g - 47306 - 10053078188359,10053078188359,€1.74,Pain de mie blanc longue conservation bio - 350g,7/5/2025,66,€4.50,Épicerie sucrée,€4.05,Petit-déjeuner,Biscottes/ tartines/ pains,6,2025-03-31 18:30
3396410048228 - Evernat - Pain de mie complet longue conservation bio - 350g - 47305 - 10053078221127,10053078221127,€1.74,Pain de mie complet longue conservation bio - 350g,22/5/2025,137,€4.80,Épicerie sucrée,€4.32,Petit-déjeuner,Biscottes/ tartines/ pains,13,2025-04-01 09:34
3396410009618 - Bonneterre - Café moulu du perou pur arabica - 250g - 47303 - 10053078319431,10053078319431,€3.43,Café moulu du perou pur arabica - 250g,31/8/2025,5,€7.60,Boissons,€6.84,Boissons chaudes,Cafés et chicorées,5,2025-03-31 20:31
3396411234859 - Bonneterre - Boudoirs - 125g - 47302 - 10053078384967,10053078384967,€0.98,Boudoirs - 125g,19/5/2025,64,€3.19,Épicerie sucrée,€2.87,Biscuits et gâteaux,Biscuits nature et fruit,24,2025-03-31 18:31
3431590008904 - Danival - Taboulé boulghour menthe basilic bio - 180g - 47300 - 10053078450503,10053078450503,€1.37,Taboulé boulghour menthe basilic bio - 180g,7/9/2025,7,€3.92,Épicerie salée,€3.53,Conserves/bocaux et plats cuisinés,Plats préparés,17,2025-04-01 20:14
3396411223846 - Bonneterre - Sablés citron amandes bio - 150g - 47299 - 10053078483271,10053078483271,€1.37,Sablés citron amandes bio - 150g,18/5/2025,545,€4.41,Épicerie sucrée,€3.53,Biscuits et gâteaux,Biscuits nature et fruit,46,2025-04-01 09:34
3396413705609 - Bonneterre - Mini boisson châtaigne-riz-avoine bio - 200ml - 47298 - 10053078516039,10053078516039,€0.48,Mini boisson châtaigne-riz-avoine bio - 200ml,8/8/2025,742,€1.60,Boissons,€1.44,Jus et boissons végétales,Boissons végétales,50,2025-04-01 22:18
3469631201014 - Folines - Dessert pomme poire amandine - 120g - 48552 - 10055428473159,10055428473159,€0.46,Dessert pomme poire amandine - 120g,8/11/2025,147,€1.76,Épicerie sucrée,€1.41,Compotes et desserts,Compotes,77,2025-03-24 15:57
3469671111021 - Folines - Confiture façon pomme tatin bio - 110g - 48543 - 10055428505927,10055428505927,€0.56,Confiture façon pomme tatin bio - 110g,25/5/2025,49,€2.72,Épicerie sucrée,€1.77,Pâtes à tartiner / Miels / Confitures,Confitures,55,2025-03-31 17:34
3283875212601 - Bias - Confiture raisin figue pomme noix - 260g - 48558 - 10055428571463,10055428571463,€0.61,Confiture raisin figue pomme noix - 260g,20/9/2025,247,€3.97,Épicerie sucrée,€1.99,Pâtes à tartiner / Miels / Confitures,Confitures,129,2025-03-25 14:45
3469611101013 - Folines - Confiture fraise nougat - 110g - 48544 - 10055428604231,10055428604231,€0.56,Confiture fraise nougat - 110g,21/9/2025,81,€2.16,Épicerie sucrée,€1.73,Pâtes à tartiner / Miels / Confitures,Confitures,104,2025-03-24 19:51
3396413715493 - Le Sillon - Noix de pécan d'Afrique du Sud - 125g - 48577 - 10055428636999,10055428636999,€2.45,Noix de pécan d'Afrique du Sud - 125g,30/8/2025,498,€12.26,Épicerie sucrée,€7.97,Fruits secs et séchés,Fruits secs / Oléagineux,30,2025-03-31 20:48
8034105890701 - Centonze - Crème d'olives noires Nocellara del Belice - 180g - 48680 - 10055428702535,10055428702535,€2.63,Crème d'olives noires Nocellara del Belice - 180g,31/3/2025,61,€10.50,Épicerie salée,€5.25,Apéritifs,Tartinades,32,2025-03-25 12:38
3469611101006 - Folines - Confiture saveurs de Noël - 110g - 48546 - 10055428735303,10055428735303,€0.56,Confiture saveurs de Noël - 110g,18/10/2025,248,€2.16,Épicerie sucrée,€1.73,Pâtes à tartiner / Miels / Confitures,Confitures,52,2025-03-24 19:51
3380380089763 - Priméal - Riz basmati cuit à l'indienne bio - 3kg  - 49744 - 10060817891655,10060817891655,€2.43,Riz basmati cuit à l'indienne bio - 3kg ,15/4/2025,3,€35.52,Épicerie salée,€17.76,Pâtes/riz et légumineuses,Riz,8,2025-04-16 10:28
3380380105876 - Priméal - Mix couscous blé pois cassés bio - 3kg - 49743 - 10060817957191,10060817957191,€1.18,Mix couscous blé pois cassés bio - 3kg,18/5/2025,3,€24.68,Épicerie salée,€12.34,Pâtes/riz et légumineuses,Céréales,5,2025-04-15 21:29
3760050654352 - Bio Attitude - Désinfectant sans rinçage - 500mL - 48679 - 10060818121031,10060818121031,€2.00,Désinfectant sans rinçage - 500mL,,235,€7.99,Maison,€6.79,Entretien et ménage,Nettoyants surface et sol,11,2025-04-05 13:28
3380380092787 - Priméal - Pois chiche decortiqué variété dési bio - 5kg - 49740 - 10060818284871,10060818284871,€10.99,Pois chiche decortiqué variété dési bio - 5kg,7/1/2027,3,€35.50,Épicerie salée,€21.30,Pâtes/riz et légumineuses,Légumineuses,0,
3380380101243 - Bisson - Palmier au caramel bio - 100g - 50140 - 10063216836935,10063216836935,€0.85,Palmier au caramel bio - 100g,30/4/2025,216,€2.70,Épicerie sucrée,€2.30,Biscuits et gâteaux,Biscuits nature et fruit,33,2025-04-01 10:47
3380380088889 - Priméal - Pois chiches à la libanaise - 3kg - 51475 - 10063216935239,10063216935239,€3.13,Pois chiches à la libanaise - 3kg,25/2/2025,3,€46.90,Épicerie salée,€23.45,Pâtes/riz et légumineuses,Légumineuses,0,
5200428303485 - Rizes Greece - Mélange pour brochettes Souvlaki - 60g - 52633 - 10065647993159,10065647993159,€1.60,Mélange pour brochettes Souvlaki - 60g,30/6/2027,179,€4.69,Épicerie salée,€4.22,Épices et condiments,Épices et aromates,1,2025-04-21 19:20
3423720002647 - Bio Soleil - Keeny framboise X5 - 160g - 52631 - 10065648320839,10065648320839,€1.20,Keeny framboise X5 - 160g,3/5/2025,91,€3.90,Épicerie sucrée,€3.12,Biscuits et gâteaux,Moelleux et gâteaux,18,2025-04-02 14:06
5200120443595 - Rizes Greece - Crème balsamique aux framboises et grenades - 200 ml - 52630 - 10065648386375,10065648386375,€1.75,Crème balsamique aux framboises et grenades - 200 ml,18/9/2027,236,€5.99,Épicerie salée,€5.09,Huiles et vinaigres,Vinaigres,4,2025-04-09 16:45
5200120443656 - Rizes Greece - Vinaigre balsamique de raisins blancs bio - 250 ml - 52629 - 10065648451911,10065648451911,€1.04,Vinaigre balsamique de raisins blancs bio - 250 ml,23/6/2026,191,€3.99,Épicerie salée,€3.19,Huiles et vinaigres,Vinaigres,13,2025-04-04 20:05
5200428303454 - Rizes Greece - Mélange pour viandes blanches - 55g - 52628 - 10065648484679,10065648484679,€1.60,Mélange pour viandes blanches - 55g,30/6/2027,172,€4.69,Épicerie salée,€4.22,Épices et condiments,Épices et aromates,8,2025-04-05 15:29
3469671200022 - Saveurs & Fruits - Chocopote dessert banane chocolat - 120g - 52822 - 10065648517447,10065648517447,€0.65,Chocopote dessert banane chocolat - 120g,29/8/2025,77,€2.31,Épicerie sucrée,€1.85,Compotes et desserts,Compotes,133,2025-03-24 15:57
3380380092787 - Priméal - Petit épeautre concassé bio - 5kg - 54114 - 10068165558599,10068165558599,€2.35,Petit épeautre concassé bio - 5kg,20/5/2025,3,€62.50,Épicerie salée,€31.25,Pâtes/riz et légumineuses,Céréales,0,
3701283800550 - Greend'oz - Biscuits nappés chocolat carotte et orange bio - 128g - 54069 - 10068165624135,10068165624135,€0.94,Biscuits nappés chocolat carotte et orange bio - 128g,30/9/2025,239,€3.75,Épicerie sucrée,€2.81,Biscuits et gâteaux,Biscuits au chocolat,61,2025-03-31 20:52
3701283800567 - Greend'oz - Biscuits nappés chocolat betterave et fruits rouges bio - 128g - 54094 - 10068165656903,10068165656903,€0.94,Biscuits nappés chocolat betterave et fruits rouges bio - 128g,3/9/2025,246,€3.75,Épicerie sucrée,€2.81,Biscuits et gâteaux,Biscuits au chocolat,54,2025-04-03 10:11
5200428303447 - Rizes Greece - Mélange pour salade grecque - 45G - 53037 - 10071499964743,10071499964743,€1.60,Mélange pour salade grecque - 45G,30/6/2027,174,€4.69,Épicerie salée,€4.22,Conserves/bocaux et plats cuisinés,Légumes,6,2025-04-06 20:19
5200120443519 - Rizes Greece - Crème balsamique bio au miel de thym - 200 ml - 54066 - 10071500095815,10071500095815,€2.00,Crème balsamique bio au miel de thym - 200 ml,5/5/2026,202,€6.99,Épicerie salée,€5.94,Huiles et vinaigres,Vinaigres,2,2025-04-05 22:54
5200428303508 - Rizes Greece - Mélange d'épices pour BBQ - 60g - 54067 - 10071500161351,10071500161351,€1.60,Mélange d'épices pour BBQ - 60g,30/6/2027,172,€4.69,Épicerie salée,€4.22,Épices et condiments,Épices et aromates,8,2025-04-05 15:29
5200428303461 - Rizes Greece - Mélange d'épices pour tzatziki - 60g - 54096 - 10071500194119,10071500194119,€1.70,Mélange d'épices pour tzatziki - 60g,30/6/2027,201,€5.49,Épicerie salée,€4.94,Épices et condiments,Épices et aromates,8,2025-04-05 23:08
3335440231200 - Manoir des abeilles - Nonettes à l'orange et au miel - 96g - 54041 - 10071500325191,10071500325191,€1.03,Nonettes à l'orange et au miel - 96g,15/7/2025,27,€4.50,Épicerie sucrée,€3.15,Biscuits et gâteaux,Moelleux et gâteaux,33,2025-03-31 16:41
5200120443557 - Rizes Greece - Vinaigre balsamique de raisins rouges bio - 250ml - 53051 - 10071500357959,10071500357959,€1.30,Vinaigre balsamique de raisins rouges bio - 250ml,24/6/2026,198,€4.99,Épicerie salée,€3.99,Huiles et vinaigres,Vinaigres,6,2025-04-05 13:28
5200120443564 - Rizes Greece - Vinaigre balsamique bio de raisins blancs - 250 ml - 54042 - 10071500489031,10071500489031,€1.30,Vinaigre balsamique bio de raisins blancs - 250 ml,23/6/2026,201,€4.99,Épicerie salée,€3.99,Huiles et vinaigres,Vinaigres,3,2025-04-07 11:05
3469671200046 - Saveurs & Fruits - Chocopote dessert framboise chocolat blanc - 120g - 53067 - 10071500587335,10071500587335,€0.65,Chocopote dessert framboise chocolat blanc - 120g,30/10/2025,116,€2.31,Épicerie sucrée,€1.85,Compotes et desserts,Compotes,92,2025-03-31 17:34
3423720002388 - Bio Soleil - Cake aux écorces de citron - 410g - 54065 - 10071500620103,10071500620103,€2.11,Cake aux écorces de citron - 410g,25/5/2025,33,€7.65,Épicerie sucrée,€6.50,Biscuits et gâteaux,Moelleux et gâteaux,17,2025-04-01 17:43
5410721447209 - Nicols - Eponges grattante écologique toutes surfaces - Lot de 10 - 59467 - 10077086646599,10077086646599,€0.00,Eponges grattante écologique toutes surfaces - Lot de 10,,61,€2.95,Maison,€2.21,Accessoires ménagers,Éponges et brosses,69,2025-03-31 14:34
5425034300271 - Molleke - Sac poubelle durable orange 30l - 15X - 59230 - 10077086777671,10077086777671,€0.39,Sac poubelle durable orange 30l - 15X,,16,€1.90,Maison,€1.33,Accessoires ménagers,Sacs poubelles,46,2025-03-31 21:04
3168930009078 - Quaker - Flocons d'avoine - 550g - 59259 - 10077086843207,10077086843207,€0.50,Flocons d'avoine - 550g,15/3/2025,671,€2.22,Épicerie sucrée,€1.11,Petit-déjeuner,Flocons/ sons et porridges,225,2025-03-31 18:29
8032793342397 - Pomi - Double concentré de tomates - 210g - 55405 - 10077086875975,10077086875975,€0.46,Double concentré de tomates - 210g,30/8/2025,436,€1.60,Épicerie salée,€1.36,Sauces,Sauces tomate,92,2025-03-31 12:28
"7310070004246 - Brooklyn Defender - Bière blonde IPA 5,5% - 33cl - 59258 - 10077086908743",10077086908743,€0.00,"Bière blonde IPA 5,5% - 33cl",30/3/2025,983,€2.49,Boissons,€1.75,Boissons alcoolisées,Bières,285,2025-03-31 12:28
0000059082682 - Love Beauty and Planet - Déodorant au beurre de Murumuru et rose - 50ml - 59254 - 10077086974279,10077086974279,€0.98,Déodorant au beurre de Murumuru et rose - 50ml,,58,€5.20,Hygiène et santé,€3.90,Corps,Déodorants,20,2025-04-01 10:20
"3431590004012 - Danival - Salade lentille, dés de jambon et moutarde bio - 180g - 56339 - 10077087039815",10077087039815,€1.65,"Salade lentille, dés de jambon et moutarde bio - 180g",28/9/2025,400,€3.99,Épicerie salée,€3.59,Conserves/bocaux et plats cuisinés,Plats préparés,14,2025-04-02 19:17
3168930003380 - Lay's - Chips barbecue - 145g  - 55397 - 10078460313927,10078460313927,€0.20,Chips barbecue - 145g ,1/4/2025,125,€2.33,Épicerie salée,€1.17,Apéritifs,Chips et gâteaux,168,2025-03-31 14:34
3582810924723 - Les Jardins De Gaïa - Rooibos bio Noel en famille - 100g  - 55431 - 10078460412231,10078460412231,€2.08,Rooibos bio Noel en famille - 100g ,31/10/2026,161,€7.45,Boissons,€6.33,Boissons chaudes,Infusions et tisanes,4,2025-04-05 17:05
3176800014015 - Plaisance Bio - Crème dessert bio graines de chia vanille - 40g - 55399 - 10078460641607,10078460641607,€0.60,Crème dessert bio graines de chia vanille - 40g,4/12/2025,115,€2.40,Épicerie sucrée,€1.80,Pâtisserie,Préparations pour dessert,91,2025-03-31 21:04
3662217011506 - Avril - Crayon yeux Vert Camouflage bio - 1g - 54326 - 10078460772679,10078460772679,€1.00,Crayon yeux Vert Camouflage bio - 1g,,21,€4.00,Hygiène et santé,€3.40,Corps,Maquillage et parfums,17,2025-04-01 11:00
3176800030169 - Plaisance Bio - Potage instantané Thaï bio - 2 doses - 55404 - 10079562760519,10079562760519,€0.38,Potage instantané Thaï bio - 2 doses,12/12/2025,4,€1.51,Épicerie salée,€1.13,Conserves/bocaux et plats cuisinés,Soupes et veloutés,56,2025-03-31 15:35
3264221620172 - Embal'Eco - Sacs poubelle à liens de fermeture 100L - 10 unités - 55403 - 10079562793287,10079562793287,€0.74,Sacs poubelle à liens de fermeture 100L - 10 unités,,77,€2.68,Maison,€2.41,Accessoires ménagers,Sacs poubelles,13,2025-03-31 13:41
5200120443533 - Rizes Greece - Crème balsamique à la figue bio - 200ml - 55326 - 10079562826055,10079562826055,€2.00,Crème balsamique à la figue bio - 200ml,18/9/2027,189,€6.99,Épicerie salée,€5.94,Huiles et vinaigres,Vinaigres,15,2025-04-06 17:49
3041091289629 - Blédina - Compote pommes-ananas bio - 2x130g - 55402 - 10079562858823,10079562858823,€0.59,Compote pommes-ananas bio - 2x130g,16/9/2025,42,€2.49,Bébé,€1.74,Alimentation bébé,Petits pots et repas,64,2025-03-31 13:41
5200428303492 - Rizes Greece - Mélange pour poisson - 50g - 55335 - 10079562891591,10079562891591,€1.60,Mélange pour poisson - 50g,30/6/2027,175,€4.69,Épicerie salée,€4.22,Épices et condiments,Épices et aromates,5,2025-04-05 15:29
3168930176329 - Lay's - Chips paysanne sel et vinaigre de cidre - 120g - 55398 - 10079562924359,10079562924359,€0.20,Chips paysanne sel et vinaigre de cidre - 120g,17/11/2024,80,€1.89,Épicerie salée,€0.94,Apéritifs,Chips et gâteaux,274,2025-03-31 12:53
5200120443540 - Rizes Greece - Vinaigre balsamique au miel de thym bio - 250ml - 55327 - 10079562957127,10079562957127,€1.44,Vinaigre balsamique au miel de thym bio - 250ml,8/7/2026,197,€5.29,Épicerie salée,€4.23,Huiles et vinaigres,Vinaigres,7,2025-04-08 22:34
3585810866925 - Les Jardins De Gaïa - Thé vert figue-amande bio - 90g - 55401 - 10079562989895,10079562989895,€2.39,Thé vert figue-amande bio - 90g,31/10/2026,126,€8.17,Boissons,€6.94,Boissons chaudes,Thés et matés,9,2025-04-07 08:23
8003340098463 - Lindt - Mini oeufs en chocolat au lait - 180g - 56244 - 10082891137351,10082891137351,€1.88,Mini oeufs en chocolat au lait - 180g,31/8/2025,28,€4.69,Épicerie sucrée,€3.05,Chocolat et confiseries,Ballotins et coffrets,392,2025-04-02 08:12
3069538102966 - La Villeneuvoise - Haricots verts - 800g - 57318 - 10082891825479,10082891825479,€0.65,Haricots verts - 800g,1/7/2026,753,€1.85,Épicerie salée,€1.67,Conserves/bocaux et plats cuisinés,Légumes,110,2025-03-31 12:53
3333040012588 - Vital Ainé  - Nonnettes bio fourrées à l'orange - 165g  - 58107 - 10085019484487,10085019484487,€1.05,Nonnettes bio fourrées à l'orange - 165g ,27/5/2025,182,€4.60,Épicerie sucrée,€3.22,Biscuits et gâteaux,Moelleux et gâteaux,58,2025-04-01 10:47
3582815550569 - Les Jardins De Gaïa - Thé blanc neige au soleil bio - 50g - 59215 - 10085019582791,10085019582791,€3.05,Thé blanc neige au soleil bio - 50g,31/8/2026,112,€10.60,Boissons,€9.01,Boissons chaudes,Thés et matés,8,2025-04-09 22:51
3176800001466 - Natali - Pâte à tartiner noisettes-chocolat noir bio - 250g - 58084 - 10085019615559,10085019615559,€1.70,Pâte à tartiner noisettes-chocolat noir bio - 250g,23/11/2025,183,€5.55,Épicerie sucrée,€5.00,Pâtisserie,Préparations pour dessert,17,2025-03-31 21:53
3582810181065 - Les Jardins De Gaïa - Thé noir masala chai bio - 20 sachets - 59214 - 10085019648327,10085019648327,€1.47,Thé noir masala chai bio - 20 sachets,28/9/2026,134,€4.40,Boissons,€3.96,Boissons chaudes,Thés et matés,6,2025-04-04 22:50
3335440501266 - Manoir des abeilles - Croquants aux amandes - 125g - 59212 - 10085019746631,10085019746631,€1.36,Croquants aux amandes - 125g,15/9/2025,43,€5.90,Épicerie salée,€4.13,Apéritifs,Fruits secs salés,39,2025-03-31 14:34
3582810241523 - Les Jardins De Gaïa - Thé de l'avent bio - 100g - 59210 - 10085019812167,10085019812167,€2.45,Thé de l'avent bio - 100g,31/10/2026,130,€8.08,Boissons,€7.27,Boissons chaudes,Thés et matés,5,2025-04-04 00:08
3582810181256 - Les Jardins De Gaïa - Mélange de rooibos et honeybush bio - 20 infusettes - 59209 - 10085019844935,10085019844935,€1.47,Mélange de rooibos et honeybush bio - 20 infusettes,28/2/2026,137,€4.40,Boissons,€3.96,Boissons chaudes,Infusions et tisanes,3,2025-04-04 14:56
8445290975010 - recette de l'atelier  - Tablette de chocolat au lait fondant et noisette - 130g - 59208 - 10085019877703,10085019877703,€1.35,Tablette de chocolat au lait fondant et noisette - 130g,31/7/2025,294,€3.99,Épicerie sucrée,€3.39,Chocolat et confiseries,Tablettes de chocolat,26,2025-04-04 18:11
3335440216818 - Maison Peltier - Pain d'épice au caramel - 90g  - 59207 - 10085019910471,10085019910471,€0.44,Pain d'épice au caramel - 90g ,15/5/2025,64,€6.65,Épicerie sucrée,€3.33,Biscuits et gâteaux,Moelleux et gâteaux,25,2025-03-31 15:14
3176800021235 - Natali - Arôme Naturel Amandes Amères Non Bio - 30ml - 58106 - 10085019976007,10085019976007,€0.82,Arôme Naturel Amandes Amères Non Bio - 30ml,7/9/2025,6,€3.30,Épicerie sucrée,€2.47,Pâtisserie,Arômes / Colorants / Aides à pâtisserie,29,2025-03-31 15:14
8445290975096 - Nestlé - Tablette de chocolat blanc et lait fondant coco - 130g - 59205 - 10085020041543,10085020041543,€1.35,Tablette de chocolat blanc et lait fondant coco - 130g,31/7/2025,299,€3.99,Épicerie sucrée,€3.39,Chocolat et confiseries,Chocolat pâtissier,21,2025-04-04 18:11
3019081236168 - Petit Navire  - Miettes de thon tomates et herbes de Provence - 250g - 59203 - 10085020107079,10085020107079,€2.50,Miettes de thon tomates et herbes de Provence - 250g,15/1/2027,34,€6.20,Épicerie salée,€5.27,Conserves/bocaux et plats cuisinés,Produits de la mer,14,2025-04-06 12:28
7613036938143 - Nestlé Dessert - Pépites de chocolat - 100g - 59202 - 10085020172615,10085020172615,€1.25,Pépites de chocolat - 100g,30/11/2025,32,€3.49,Épicerie sucrée,€2.97,Chocolat et confiseries,Chocolat pâtissier,68,2025-04-04 11:04
8720181262074 - Timotei - Shampoing solide purifiant à la pomme - 75g - 59201 - 10085020205383,10085020205383,€0.75,Shampoing solide purifiant à la pomme - 75g,31/12/2027,11,€5.40,Hygiène et santé,€3.78,Cheveux,Shampoings solides,13,2025-04-05 09:10
3335440223205 - Manoir des abeilles - Petits Financiers au miel bio - 100g - 59200 - 10085020238151,10085020238151,€1.20,Petits Financiers au miel bio - 100g,15/5/2025,45,€5.20,Épicerie sucrée,€3.64,Biscuits et gâteaux,Moelleux et gâteaux,15,2025-04-04 23:59
8720181262081 - Timotei - Shampooing solide coco et d’huile d’argan- 75g  - 59199 - 10085020270919,10085020270919,€0.75,Shampooing solide coco et d’huile d’argan- 75g ,,11,€5.40,Hygiène et santé,€3.78,Cheveux,Shampoings solides,13,2025-04-07 21:58
854693000966 - Mutti - Pulpe de tomates - 400g - 60116 - 10086983795015,10086983795015,€0.52,Pulpe de tomates - 400g,31/8/2025,310,€2.99,Épicerie salée,€2.39,Sauces,Sauces tomate,212,2025-03-31 18:30
3701430912945 - Nao - Lot de 2 tablettes de chocolat au lait noisettes 45% Sao Tome bio - 2x80g - 61172 - 10086983893319,10086983893319,€2.04,Lot de 2 tablettes de chocolat au lait noisettes 45% Sao Tome bio - 2x80g,1/8/2025,23,€8.86,Épicerie sucrée,€7.09,Chocolat et confiseries,Tablettes de chocolat,7,2025-04-12 07:55
3701430912969 - Nao - Lot de 2 tablettes chocolat au Lait 45% Sao Tome Bean-to-bar Sésame Bio - 2x80g - 61171 - 10086984024391,10086984024391,€2.04,Lot de 2 tablettes chocolat au Lait 45% Sao Tome Bean-to-bar Sésame Bio - 2x80g,1/10/2025,34,€8.86,Épicerie sucrée,€7.09,Chocolat et confiseries,Tablettes de chocolat,3,2025-04-13 16:53
3701430912952 - Nao - Lot de 2 tablettes de chocolat au lait 45% Sao Tome vrac - 2x80g - 69380 - 10092230803783,10092230803783,€2.02,Lot de 2 tablettes de chocolat au lait 45% Sao Tome vrac - 2x80g,1/2/2026,62,€8.76,Épicerie sucrée,€7.01,Chocolat et confiseries,Tablettes de chocolat,3,2025-04-12 11:22
3770014058256 - Green Mood - Liquide vaisselle écologique hypoallergénique sans parfum - 500ml  - 69379 - 10092230869319,10092230869319,€1.20,Liquide vaisselle écologique hypoallergénique sans parfum - 500ml ,25/1/2026,200,€3.90,Maison,€3.51,Entretien et ménage,Vaisselle,0,
3770014058263 - Green Mood - Savon liquide douceur des mains hypoallergénique sans parfum - 500ml - 69378 - 10092230934855,10092230934855,€1.25,Savon liquide douceur des mains hypoallergénique sans parfum - 500ml,6/2/2026,80,€4.90,Hygiène et santé,€4.41,Corps,Mains et pieds,0,
3770014058065 - Green Mood - Liquide vaisselle à l'orange - 500ml - 69377 - 10092230967623,10092230967623,€1.20,Liquide vaisselle à l'orange - 500ml,25/1/2026,200,€3.90,Maison,€3.51,Entretien et ménage,Vaisselle,0,
3770014058089 - Green Mood - Gel lavant pour les mains à la menthe - 500ml - 69376 - 10092231033159,10092231033159,€1.25,Gel lavant pour les mains à la menthe - 500ml,17/11/2025,80,€4.90,Hygiène et santé,€4.41,Corps,Mains et pieds,0,
5200120443649 - Rizes Greece - Vinaigre balsamique de raisins rouges - 250ml - 69375 - 10092231065927,10092231065927,€1.04,Vinaigre balsamique de raisins rouges - 250ml,24/6/2026,197,€3.99,Épicerie salée,€3.19,Huiles et vinaigres,Vinaigres,7,2025-04-14 10:13
3701430912990 - Nao - Lot de 2 tablettes chocolat noir 72% sao tome sésame ean-to-bar Bio - 2x80g - 69373 - 10092231164231,10092231164231,€1.92,Lot de 2 tablettes chocolat noir 72% sao tome sésame ean-to-bar Bio - 2x80g,1/2/2026,22,€8.34,Épicerie sucrée,€6.67,Chocolat et confiseries,Tablettes de chocolat,15,2025-04-10 16:28
3770014058072 - Green Mood - Liquide vaisselle écologique menthe - 500ml - 69372 - 10092231295303,10092231295303,€1.20,Liquide vaisselle écologique menthe - 500ml,10/10/2025,200,€3.90,Maison,€3.51,Entretien et ménage,Vaisselle,0,
3770014058096 - Green Mood - Savon liquide douceur des mains lavande - 500ml - 69371 - 10092231393607,10092231393607,€1.25,Savon liquide douceur des mains lavande - 500ml,17/11/2025,80,€4.90,Hygiène et santé,€4.41,Corps,Mains et pieds,0,
5200120443663 - Rizes Greece - Vinaigre balsamique au miel de thym - 250ml - 69370 - 10092231459143,10092231459143,€1.30,Vinaigre balsamique au miel de thym - 250ml,8/7/2026,194,€4.99,Épicerie salée,€3.99,Huiles et vinaigres,Vinaigres,9,2025-04-04 10:25
3760153841987 - JAJAJA - Tortilla chips de maïs - 80g - 70247 - 10094151631175,10094151631175,€0.34,Tortilla chips de maïs - 80g,30/6/2025,509,€1.38,Épicerie salée,€1.03,Apéritifs,Chips et gâteaux,91,2025-04-02 09:51
3770014058270 - Green Mood - Lessive liquide sans parfum - 1L - 70250 - 10094152024391,10094152024391,€2.00,Lessive liquide sans parfum - 1L,30/1/2026,304,€7.90,Maison,€7.11,Linge,Lessives,0,
3770014058225 - Green Mood - Lessive liquide bébé sans parfum - 1L - 70249 - 10094152188231,10094152188231,€2.00,Lessive liquide bébé sans parfum - 1L,5/1/2026,64,€7.90,Maison,€7.11,Linge,Lessives,0,
3770014058027 - Green Mood - Nettoyant dégraissant cuisine à l'orange - 500ml - 72956 - 10096686793031,10096686793031,€1.60,Nettoyant dégraissant cuisine à l'orange - 500ml,14/2/2026,72,€5.90,Maison,€5.31,Entretien et ménage,Nettoyants surface et sol,0,
7622202023958 - Belin - Crackers emmental - 110g - 75155 - 10098507055431,10098507055431,€0.50,Crackers emmental - 110g,30/6/2025,349,€1.40,Épicerie salée,€1.26,Apéritifs,Chips et gâteaux,99,2025-04-04 23:36
8003340098388 - Lindt - Oeufs Lindor au chocolat noir 70% - 180g - 75154 - 10098507120967,10098507120967,€2.00,Oeufs Lindor au chocolat noir 70% - 180g,31/8/2025,159,€7.69,Épicerie sucrée,€4.99,Chocolat et confiseries,Ballotins et coffrets,347,2025-04-04 11:10
5200428303478 - Rizes Greece - Mélange pour Gyros - 60g - 74493 - 10098507186503,10098507186503,€1.60,Mélange pour Gyros - 60g,30/6/2027,178,€4.69,Épicerie salée,€4.22,Épices et condiments,Épices et aromates,2,2025-04-14 22:37
3760153841239 - JAJAJA - Salsa verde - 160g - 74492 - 10098507350343,10098507350343,€1.05,Salsa verde - 160g,12/3/2026,285,€4.19,Épicerie salée,€3.56,Sauces,Cuisine du monde,2,2025-04-09 22:07
8720182447708 - Timotei - Shampoing solide framboise éclat - 75g - 74491 - 10098507415879,10098507415879,€0.75,Shampoing solide framboise éclat - 75g,31/12/2027,13,€5.40,Hygiène et santé,€3.78,Cheveux,Shampoings solides,11,2025-04-05 09:10
3770014058003 - Green Mood - Nettoyant salle de bain - 500ml - 76254 - 10099150618951,10099150618951,€1.50,Nettoyant salle de bain - 500ml,12/10/2025,64,€5.90,Maison,€5.31,Entretien et ménage,Nettoyants surface et sol,0,
5392001011716 - Uniqprot - Barre protéinée vegan chocolat-caramel - 60g - 76423 - 10100107903303,10100107903303,€0.78,Barre protéinée vegan chocolat-caramel - 60g,27/6/2025,204,€2.90,Épicerie sucrée,€2.32,Biscuits et gâteaux,Barres de céréales et energy balls,12,2025-04-08 14:44
5392001011709 - Uniqprot - Barre protéinée vegan amandes cookies caramel - 60g - 76422 - 10100108001607,10100108001607,€0.78,Barre protéinée vegan amandes cookies caramel - 60g,30/6/2025,206,€2.90,Épicerie sucrée,€2.32,Biscuits et gâteaux,Barres de céréales et energy balls,11,2025-04-08 14:44
5410658011047 - Beyers - Café moulu Aroma - 1kg - 76461 - 10100206797127,10100206797127,€7.80,Café moulu Aroma - 1kg,31/12/2025,17,€21.00,Boissons,€17.85,Boissons chaudes,Cafés et chicorées,7,2025-04-14 12:08
3760077189585 - Les chocolats de Pauline - Coffret Assortiment 16 Chocolats Noir Au Caramel - 125g  - 83746 - 10106644595015,10106644595015,€3.45,Coffret Assortiment 16 Chocolats Noir Au Caramel - 125g ,9/11/2025,29,€9.79,Épicerie sucrée,€8.81,Chocolat et confiseries,Ballotins et coffrets,19,2025-04-15 11:18
8029013000304 - Valdibella - Lentilles vertes de Sicile cuites à l’eau - 365g - 83745 - 10106644660551,10106644660551,€0.70,Lentilles vertes de Sicile cuites à l’eau - 365g,1/12/2025,52,€3.90,Épicerie salée,€3.12,Pâtes/riz et légumineuses,Légumineuses,14,2025-04-10 17:24
8029013200025 - Valdibella - Pois chiches bio - 500g - 83744 - 10106644693319,10106644693319,€0.81,Pois chiches bio - 500g,30/6/2025,39,€3.68,Épicerie salée,€2.94,Pâtes/riz et légumineuses,Légumineuses,11,2025-04-12 12:12
"3760123181594 - Comptoirs et compagnies - Mix Superfruits Bio Goji, Cranberries, Mulberries - 400g - 83743 - 10106644726087",10106644726087,€4.32,"Mix Superfruits Bio Goji, Cranberries, Mulberries - 400g",30/11/2025,20,€19.90,Épicerie sucrée,€15.92,Fruits secs et séchés,Mélanges fruits secs,4,2025-04-14 20:23
3481292301667 - Marthez - Truffes écorces d'orange - 200g  - 83742 - 10106644791623,10106644791623,€1.20,Truffes écorces d'orange - 200g ,18/12/2025,22,€7.50,Épicerie sucrée,€6.00,Chocolat et confiseries,Ballotins et coffrets,14,2025-04-13 14:35
3259011112180 - Soy - Lot Soya Cuisine Allegee 3+1 80cl - 83740 - 10106644857159,10106644857159,€1.02,Lot Soya Cuisine Allegee 3+1 80cl,2/8/2025,16,€4.89,Épicerie salée,€3.91,Aides culinaires,Crèmerie ,26,2025-04-15 05:20
8054392020087 - Minardo - Penne de russello sicilienne bio - 500g - 83735 - 10106645053767,10106645053767,€1.00,Penne de russello sicilienne bio - 500g,30/11/2025,10,€4.35,Épicerie salée,€3.48,Pâtes/riz et légumineuses,Pâtes,19,2025-04-10 22:41
"5060229013866 - Pukka - Infusion pomme sauvage, cannelle et gingembre - 20 sachets - 83734 - 10106645152071",10106645152071,€1.13,"Infusion pomme sauvage, cannelle et gingembre - 20 sachets",31/3/2027,190,€5.49,Boissons,€4.39,Boissons chaudes,Infusions et tisanes,6,2025-04-15 05:20
3760077189592 - Les chocolats de Pauline - Coffret chocolat noir et praliné bio - 125g - 85974 - 10110157783367,10110157783367,€4.21,Coffret chocolat noir et praliné bio - 125g,24/10/2025,12,€11.99,Épicerie sucrée,€10.79,Chocolat et confiseries,Ballotins et coffrets,12,2025-04-13 21:36
8054392020377 - Minardo - Tagliatelles complètes de Timilia bio - 500g - 85973 - 10110157947207,10110157947207,€1.00,Tagliatelles complètes de Timilia bio - 500g,30/11/2025,10,€4.35,Épicerie salée,€3.48,Pâtes/riz et légumineuses,Pâtes,19,2025-04-12 09:33
3760008042408 - Pellorce & Jullien - Ballotin de morceaux de marrons glacés bio - 250g - 85970 - 10110158242119,10110158242119,€3.36,Ballotin de morceaux de marrons glacés bio - 250g,30/12/2026,119,€15.00,Épicerie sucrée,€12.00,Chocolat et confiseries,Ballotins et coffrets,7,2025-04-14 17:19
770009250347 - If you care - Allume-feu 100% naturel 28 cubes - 85968 - 10110158405959,10110158405959,€0.69,Allume-feu 100% naturel 28 cubes,,81,€2.76,Maison,€2.21,Accessoires ménagers,Cuisson/ emballage/ conservation,15,2025-04-15 09:06
3501940138312 - Bovetti - Fritures en chocolat au lait bio - 120 g - 85967 - 10110158471495,10110158471495,€1.24,Fritures en chocolat au lait bio - 120 g,1/10/2025,9,€5.99,Épicerie sucrée,€4.79,Chocolat et confiseries,Ballotins et coffrets,72,2025-04-15 15:39
3609060007072 - Ibo - Gressins nature à l'huile - 250g - 85966 - 10110158504263,10110158504263,€1.33,Gressins nature à l'huile - 250g,26/8/2025,19,€4.70,Épicerie salée,€3.76,Apéritifs,Chips et gâteaux,11,2025-04-15 11:22
3174076698526 - Pellorce & Jullien - Coffret de 8 marrons glacés Bio - 130 g - 85965 - 10110158569799,10110158569799,€3.68,Coffret de 8 marrons glacés Bio - 130 g,30/12/2026,118,€20.00,Épicerie sucrée,€16.00,Chocolat et confiseries,Ballotins et coffrets,2,2025-04-22 09:04
3609060004620 - Ibo - bouillon au boeuf en cubes - 66g - 85963 - 10110158668103,10110158668103,€0.60,bouillon au boeuf en cubes - 66g,5/1/2026,3,€1.99,Épicerie salée,€1.59,Aides culinaires,Bouillons et chapelures,17,2025-04-15 12:08
5060229013804 - Pukka - infusion citronnelle et gingembre - 20 infusions - 85961 - 10110158799175,10110158799175,€1.95,infusion citronnelle et gingembre - 20 infusions,31/5/2027,195,€5.64,Boissons,€4.51,Boissons chaudes,Infusions et tisanes,5,2025-04-15 15:07
5060229013972 - Pukka - Thé vert suprême et matcha bio- 20 sachets - 85960 - 10110158831943,10110158831943,€1.82,Thé vert suprême et matcha bio- 20 sachets,,5,€5.11,Boissons,€4.09,Boissons chaudes,Thés et matés,7,2025-04-15 09:36
3609060005498 - Ibo - Levure de bière toastée et séchée bio - 1OOg - 85957 - 10110158963015,10110158963015,€1.72,Levure de bière toastée et séchée bio - 1OOg,28/9/2026,21,€4.98,Épicerie salée,€3.98,Pâtes/riz et légumineuses,Céréales,19,2025-04-15 05:20
3760087362411 - Biosagesse - Sirop de Yacon - 250g - 85956 - 10110158995783,10110158995783,€3.79,Sirop de Yacon - 250g,31/7/2026,64,€11.75,Épicerie sucrée,€9.40,Pâtes à tartiner / Miels / Confitures,Miels et sirops,14,2025-04-11 10:06
3363790000511 - Thés de la Pagode - Thé vert amande et noix de coco bio - 100g - 85954 - 10110159094087,10110159094087,€1.79,Thé vert amande et noix de coco bio - 100g,30/9/2027,22,€7.89,Boissons,€6.31,Boissons chaudes,Thés et matés,2,2025-04-18 12:13
3594480005169 - Baramel - Miel d'acacia et fruits secs bio - 250g - 85953 - 10110159159623,10110159159623,€1.91,Miel d'acacia et fruits secs bio - 250g,11/7/2026,34,€9.90,Épicerie sucrée,€7.92,Pâtes à tartiner / Miels / Confitures,Miels et sirops,2,2025-04-16 13:56
3770009413190 - CLAC! - Crème chou-fleur curry & cantal - 100g - 85950 - 10110159290695,10110159290695,€0.78,Crème chou-fleur curry & cantal - 100g,13/10/2025,54,€4.00,Épicerie salée,€3.20,Apéritifs,Tartinades,6,2025-04-15 11:47
8006073276474 - Fraccaro - Panettone sans gluten bio - 500g - 85948 - 10110159388999,10110159388999,€3.88,Panettone sans gluten bio - 500g,6/5/2025,34,€24.98,Épicerie sucrée,€19.98,Biscuits et gâteaux,Moelleux et gâteaux,2,2025-04-18 16:59
3176800032163 - Natali - Mélange d'épices pour guacamole - 2x6g - 85947 - 10110159421767,10110159421767,€0.32,Mélange d'épices pour guacamole - 2x6g,8/8/2026,68,€1.59,Épicerie salée,€1.27,Épices et condiments,Épices et aromates,22,2025-04-14 14:01
5060519148261 - Pukka - Infusion purifier bio - 20 sachets - 85946 - 10110159454535,10110159454535,€1.95,Infusion purifier bio - 20 sachets,30/3/2024,86,€5.97,Boissons,€2.98,Boissons chaudes,Infusions et tisanes,14,2025-04-14 16:19
3760077180469 - Saveurs et Nature - Coffret de pâtes de fruits bio - 180g - 88532 - 10111933940039,10111933940039,€2.02,Coffret de pâtes de fruits bio - 180g,12/6/2025,60,€9.69,Épicerie sucrée,€7.75,Compotes et desserts,Fruits préparés,12,2025-04-14 20:34
4021457653577 - Lavera - Eau micellaire Hydro Refresh - 400ml - 88536 - 10111933972807,10111933972807,€1.74,Eau micellaire Hydro Refresh - 400ml,,26,€10.55,Hygiène et santé,€8.44,Visage,Nettoyants et démaquillants,2,2025-04-15 22:46
5060519145635 - Pukka - Assortiment d'infusions The Herbal Collections bio - 20 sachets - 88534 - 10111934071111,10111934071111,€1.97,Assortiment d'infusions The Herbal Collections bio - 20 sachets,28/2/2027,140,€5.49,Boissons,€4.39,Boissons chaudes,Infusions et tisanes,12,2025-04-14 20:50
3700531211315 - Belledonne - Boite d'amandes truffées bio - 150g - 88492 - 10111934169415,10111934169415,€2.70,Boite d'amandes truffées bio - 150g,31/10/2025,34,€7.82,Épicerie sucrée,€6.26,Chocolat et confiseries,Ballotins et coffrets,10,2025-04-14 21:26
3609060000837 - Ibo - Vinaigre balsamique de pomme bio - 250ml - 88533 - 10111934202183,10111934202183,€2.05,Vinaigre balsamique de pomme bio - 250ml,,38,€6.99,Épicerie salée,€5.59,Huiles et vinaigres,Vinaigres,4,2025-04-13 18:22
3760253540025 - Semilia  - Céréales les p'tits dodus au chocolat noir bio - 300g - 88524 - 10111934333255,10111934333255,€0.99,Céréales les p'tits dodus au chocolat noir bio - 300g,28/6/2025,83,€5.05,Épicerie sucrée,€4.04,Petit-déjeuner,Céréales petit-déjeuner,8,2025-04-15 15:20
3501940139012 - Bovetti Chocolats - Sucette chocolat au lait Je t'aime - 25 g - 88540 - 10111934366023,10111934366023,€0.46,Sucette chocolat au lait Je t'aime - 25 g,31/1/2026,40,€2.90,Épicerie sucrée,€2.32,Chocolat et confiseries,Ballotins et coffrets,160,2025-04-14 14:43
3538395475006 - Etamine du Lys - Désodorisant rafraîchissant eucalyptus - 125ml - 88541 - 10111934431559,10111934431559,€1.52,Désodorisant rafraîchissant eucalyptus - 125ml,,44,€8.50,Maison,€6.80,Entretien et ménage,Parfums et désodorisants,4,2025-04-15 05:20
3269712401704 - Le Voyage de Mamabé - Base pour Pad Thaï - 100g - 88511 - 10111934464327,10111934464327,€0.84,Base pour Pad Thaï - 100g,8/1/2026,64,€4.07,Épicerie salée,€3.26,Sauces,Cuisine du monde,14,2025-04-15 08:47
3760001760828 - Hygios - Mousse Désinfectante Mains sans Parfum - 50 ml - 88528 - 10111934497095,10111934497095,€0.75,Mousse Désinfectante Mains sans Parfum - 50 ml,31/1/2026,56,€3.46,Hygiène et santé,€2.77,Corps,Mains et pieds,10,2025-04-15 09:36
3258590005142 - Dardenne - 9 mini rochers au chocolat au lait - 90g - 88493 - 10111934562631,10111934562631,€1.89,9 mini rochers au chocolat au lait - 90g,14/6/2025,19,€10.20,Épicerie sucrée,€8.16,Chocolat et confiseries,Ballotins et coffrets,11,2025-04-10 21:23
3770010744948 - La Maison de Vincent - Papillotes praliné en sachet - 150g - 88537 - 10111934595399,10111934595399,€2.32,Papillotes praliné en sachet - 150g,30/4/2025,98,€10.50,Épicerie sucrée,€8.40,Chocolat et confiseries,Ballotins et coffrets,22,2025-04-15 19:08
3481292301674 - Chocolat Mathez - Truffes fantaisie aux brisures de crêpe dentelle bio - 200g - 91062 - 10113707245895,10113707245895,€1.20,Truffes fantaisie aux brisures de crêpe dentelle bio - 200g,30/8/2025,39,€7.50,Épicerie sucrée,€6.00,Chocolat et confiseries,Ballotins et coffrets,15,2025-04-17 22:54
3760077189929 - Les chocolats de Pauline - Coffret de 9 escargots chocolat noir et lait - 105g - 88538 - 10111935349063,10111935349063,€3.17,Coffret de 9 escargots chocolat noir et lait - 105g,13/11/2025,35,€8.99,Épicerie sucrée,€8.09,Chocolat et confiseries,Ballotins et coffrets,13,2025-04-15 20:15
3760077189820 - Les chocolats de Pauline - Coffret de chocolats noir et lait bio - 125g - 88545 - 10111935381831,10111935381831,€4.21,Coffret de chocolats noir et lait bio - 125g,21/11/2025,22,€11.99,Épicerie sucrée,€10.79,Chocolat et confiseries,Ballotins et coffrets,14,2025-04-14 14:39
3760077187178 - Les chocolats de Pauline - Noisettes entières enrobées de chocolat au lait bio - 150g - 88535 - 10111935512903,10111935512903,€2.40,Noisettes entières enrobées de chocolat au lait bio - 150g,30/10/2025,137,€9.95,Épicerie sucrée,€6.47,Chocolat et confiseries,Ballotins et coffrets,79,2025-04-10 17:41
3760077182197 - Saveurs et Nature - Canetons au chocolat au lait et tablette de chocolat noir - 170g - 88525 - 10111935545671,10111935545671,€3.60,Canetons au chocolat au lait et tablette de chocolat noir - 170g,8/2/2026,20,€17.50,Épicerie sucrée,€11.38,Chocolat et confiseries,Ballotins et coffrets,57,2025-04-10 19:03
8054806560345 - Almafood - Fusilli au maïs bio - 250g - 87388 - 10111935643975,10111935643975,€1.37,Fusilli au maïs bio - 250g,30/5/2025,126,€4.90,Épicerie salée,€4.17,Pâtes/riz et légumineuses,Pâtes,6,2025-04-12 15:27
8054392020216 - Minardo - Tortiglioni à la farine complète bio - 500g - 87387 - 10111935676743,10111935676743,€0.94,Tortiglioni à la farine complète bio - 500g,12/12/2025,25,€4.10,Épicerie salée,€3.28,Pâtes/riz et légumineuses,Pâtes,15,2025-04-12 09:46
1004004044557 - Terramatta - Sauce tomate bio - 370g - 87386 - 10111935709511,10111935709511,€0.60,Sauce tomate bio - 370g,31/7/2025,227,€3.60,Épicerie salée,€2.88,Sauces,Sauces tomate,25,2025-04-11 12:33
8054806560369 - Almafood - Maccheroni de pâtes de riz bio et sans Gluten - 250g - 87385 - 10111935742279,10111935742279,€1.03,Maccheroni de pâtes de riz bio et sans Gluten - 250g,30/5/2025,32,€3.68,Épicerie salée,€2.94,Pâtes/riz et légumineuses,Pâtes,15,2025-04-11 17:20
8032591571418 - Verrigni - Pâtes à la semoule de blé dur - 500g - 87382 - 10111935807815,10111935807815,€0.86,Pâtes à la semoule de blé dur - 500g,30/9/2025,45,€3.90,Épicerie salée,€3.12,Pâtes/riz et légumineuses,Pâtes,3,2025-04-16 17:34
3701430912976 - Nao - Lot de 2 tablettes de chocolat noir 72% bio - 2x80g - 88530 - 10111935840583,10111935840583,€1.92,Lot de 2 tablettes de chocolat noir 72% bio - 2x80g,1/2/2026,12,€8.34,Épicerie sucrée,€6.67,Chocolat et confiseries,Tablettes de chocolat,8,2025-04-12 13:16
3701430913386 - Nao - Lot de 2 tablettes de chocolat blanc bio - 2x80g - 88539 - 10111935906119,10111935906119,€2.16,Lot de 2 tablettes de chocolat blanc bio - 2x80g,9/10/2025,64,€9.38,Épicerie sucrée,€7.50,Chocolat et confiseries,Tablettes de chocolat,7,2025-04-10 20:25
3760253540032 - Semilia  - Céréales P'tits Dodus fourrées au chocolat au lait bio - 300g - 91038 - 10113707278663,10113707278663,€0.99,Céréales P'tits Dodus fourrées au chocolat au lait bio - 300g,28/8/2025,70,€5.05,Épicerie sucrée,€4.04,Petit-déjeuner,Céréales petit-déjeuner,9,2025-04-15 15:20
3770010744764 - La Maison de Vincent - Duo de papillotes praliné et pâte d'amande - 150g - 90988 - 10113707311431,10113707311431,€2.32,Duo de papillotes praliné et pâte d'amande - 150g,30/4/2025,114,€10.00,Épicerie sucrée,€8.00,Chocolat et confiseries,Ballotins et coffrets,6,2025-04-15 20:47
1004004044569 - Willy anti-gaspi - Petit épeautre concassé bio - 500g - 90985 - 10113707409735,10113707409735,€0.73,Petit épeautre concassé bio - 500g,20/5/2025,12,€6.25,Épicerie salée,€4.38,Pâtes/riz et légumineuses,Céréales,8,2025-04-15 16:15
1004004044571 - Willy anti-gaspi - Mix couscous pois cassé bio - 500g - 91018 - 10113707442503,10113707442503,€0.69,Mix couscous pois cassé bio - 500g,25/5/2025,29,€4.11,Épicerie salée,€2.88,Pâtes/riz et légumineuses,Céréales,0,
1004004044567 - Willy anti-gaspi - Pois chiche decortiqué variété dési bio - 500g - 90984 - 10113707475271,10113707475271,€0.66,Pois chiche decortiqué variété dési bio - 500g,7/1/2027,11,€3.55,Épicerie salée,€2.49,Pâtes/riz et légumineuses,Légumineuses,8,2025-04-15 08:29
1004004044570 - Willy anti-gaspi - Taboulé bio - 500g - 91061 - 10113707508039,10113707508039,€0.77,Taboulé bio - 500g,13/5/2025,20,€4.72,Épicerie salée,€3.30,Pâtes/riz et légumineuses,Céréales,0,
3380380023798 - Priméal - Boulgour gros bio - 5kg - 93173 - 10116018897223,10116018897223,€1.03,Boulgour gros bio - 5kg,6/4/2025,6,€21.95,Épicerie salée,€10.97,Pâtes/riz et légumineuses,Céréales,0,
3024720030069 - Anna & Jules - tartinable poulet citron - 110g - 99217 - 10121805267271,10121805267271,€1.35,tartinable poulet citron - 110g,5/6/2025,95,€4.90,Épicerie salée,€4.17,Apéritifs,Tartinades,1,2025-04-16 23:37
3024720030076 - Anna & Jules - Tartinable de poulet aux tomates cuisinées - 110g  - 99216 - 10121805332807,10121805332807,€1.35,Tartinable de poulet aux tomates cuisinées - 110g ,14/6/2025,96,€4.90,Épicerie salée,€4.17,Apéritifs,Tartinades,0,
3592860018082 - Bornibus - Olives vertes farcies au piment jalapeño - 270g - 100092 - 10121805398343,10121805398343,€1.33,Olives vertes farcies au piment jalapeño - 270g,19/10/2025,227,€4.50,Épicerie salée,€4.05,Apéritifs,Olives et antipasti,0,
3592860018501 - Bornibus - Tomates séchées au soleil - 240g - 102542 - 10124406784327,10124406784327,€1.50,Tomates séchées au soleil - 240g,12/10/2025,270,€4.90,Épicerie salée,€4.41,Apéritifs,Olives et antipasti,0,
3592860015821 - Bâton Rouge - Ketchup - 300ml - 102539 - 10124406817095,10124406817095,€0.92,Ketchup - 300ml,1/8/2025,117,€3.69,Épicerie salée,€2.77,Sauces,Ketchup/ mayonnaises/ moutardes,3,2025-04-19 08:48
8437001220632 - El Valle - Chips de pomme de terre Supreme - 90g - 102541 - 10124406849863,10124406849863,€0.55,Chips de pomme de terre Supreme - 90g,23/5/2025,68,€2.19,Épicerie salée,€1.64,Apéritifs,Chips et gâteaux,4,2025-04-18 20:42
3592860018075 - Bornibus - Olives vertes farcies au poivron rouge - 270g - 102540 - 10124406882631,10124406882631,€1.33,Olives vertes farcies au poivron rouge - 270g,19/10/2025,228,€4.50,Épicerie salée,€4.05,Apéritifs,Olives et antipasti,0,
8003340098487 - Lindt - Assortiment de mini oeufs en chocolat - 180g - 103658 - 10125996392775,10125996392775,€2.00,Assortiment de mini oeufs en chocolat - 180g,31/8/2025,75,€5.69,Épicerie sucrée,€3.70,Chocolat et confiseries,Ballotins et coffrets,65,2025-04-16 18:02
8003340000343 - Lindt - Assortiments d'oeufs en chocolat Lindor - 180g - 103657 - 10125996458311,10125996458311,€1.80,Assortiments d'oeufs en chocolat Lindor - 180g,30/8/2025,135,€5.69,Épicerie sucrée,€3.70,Chocolat et confiseries,Ballotins et coffrets,99,2025-04-16 18:02
9003600480143 - Lindt - Sticks de noix de coco enrobés de chocolat - 125g - 103655 - 10125996491079,10125996491079,€1.00,Sticks de noix de coco enrobés de chocolat - 125g,30/4/2025,360,€9.99,Épicerie sucrée,€5.00,Chocolat et confiseries,Ballotins et coffrets,40,2025-04-16 18:02
3335440225902 - Manoir des abeilles - Croquants au caramel - 125g - 105023 - 10128382198087,10128382198087,€0.98,Croquants au caramel - 125g,15/8/2025,36,€3.90,Épicerie sucrée,€3.12,Biscuits et gâteaux,Biscuits nature et fruit,0,
5425038430448 - Turtle - Céréales au beurre de cacahuètes bio - 300g - 107469 - 10131336036679,10131336036679,€1.76,Céréales au beurre de cacahuètes bio - 300g,17/9/2025,640,€5.99,Épicerie sucrée,€4.79,Petit-déjeuner,Céréales petit-déjeuner,0,
3335440213107 - Manoir des abeilles - Pain d'épices tranché aux figues - 250g - 107468 - 10131336069447,10131336069447,€1.40,Pain d'épices tranché aux figues - 250g,15/7/2025,96,€5.60,Épicerie sucrée,€4.48,Biscuits et gâteaux,Moelleux et gâteaux,0,
3335440213305 - Manoir des abeilles - Pain d'épices tranché aux figues bio - 250g - 107467 - 10131336134983,10131336134983,€1.53,Pain d'épices tranché aux figues bio - 250g,15/8/2025,72,€6.10,Épicerie sucrée,€4.88,Biscuits et gâteaux,Moelleux et gâteaux,0,
3335440213206 - Le manoir des abeilles  - Pain d'épice bio - 250g - 107466 - 10131336200519,10131336200519,€1.45,Pain d'épice bio - 250g,15/6/2025,36,€5.80,Épicerie sucrée,€4.64,Biscuits et gâteaux,Moelleux et gâteaux,0,
3335440221102 - Manoir des abeilles - Croquants Pistache - 110g - 107465 - 10131336233287,10131336233287,€0.98,Croquants Pistache - 110g,15/10/2025,60,€3.90,Épicerie sucrée,€3.12,Biscuits et gâteaux,Biscuits nature et fruit,0,
3760201132616 - Lamazuna - Nettoyant visage peau normale Exotique - 25ml - 3558 - 8662553002311,8662553002311,,Nettoyant visage peau normale Exotique - 25ml,,0,€9.00,Hygiène et santé,€5.40,Visage,Nettoyants et démaquillants,23,2024-02-01 20:27
3489940049596 - Cosmo Naturel - Gel lavant intime confort quotidien calendula bio - 500ml - 8139 - 9852529443143,9852529443143,,Gel lavant intime confort quotidien calendula bio - 500ml,,0,€10.50,Hygiène et santé,€8.40,Corps,Gels douche et savons liquides,45,2025-01-07 02:16
3770010033479 - Les Toquettes - Tablette de bouillon de légumes Saveurs d'Asie bio - 60g - 26276 - 10032966795591,10032966795591,,Tablette de bouillon de légumes Saveurs d'Asie bio - 60g,15/10/2025,0,€3.95,Épicerie salée,€2.77,Aides culinaires,Bouillons et chapelures,88,2025-03-08 09:37